Longitude,Latitude,Town,Location,StartDate,StartTime,EndDate,EndTime,Crime,CrimeType
80.622308,7.341378,Kalugalawaththa,,2019-12-31,23:45,2020-01-01,0:10,Breaking into a temple and stealing from the donation box,Burglary
80.585494,7.328943,Thiththapajjala,,2020-01-01,20:00,,,Assault with a hand axe,Assault
80.564739,7.335182,Aladeniya,,2020-01-05,19:15,,,Possession of a counterfeit 5000 Rupee note,Fraud
80.60994,7.334379,Ranawana,Near Susil garage,2020-01-05,17:00,,,Stabbing with a knife,Assault
80.628027,7.320642,Katugastota,"Near St.Anthony's girls, College",2020-01-06,13:30,,,"Stealing a mobile phone worth 22,000 and money worth 7,000",Theft
80.62368,7.321494,Katugastota,Apollo Man Power,2020-01-08,14:00,,,"Beating up and stealing 60,000",Robbery
80.602024,7.324071,Wathuwala,Nikathanna,2020-01-08,16:30,2020-01-08,22:00,"Breaking into a house and stealing 102,000",Burglary
80.617118,7.323072,Yatiwawala,,2020-01-11,20:30,,,Beating up and murdering,Murder
80.636703,7.322436,Mawilmada,Nagaha ella Road,2019-12-30,,2019-12-31,,Breaking into a house and stealing an iPad,Burglary
80.615696,7.353901,Bokalawela,,2020-01-13,10:00,2020-01-16,10:10,"Breaking into a house and stealing property worth 110,285",Burglary
80.619722,7.314906,Gohagoda,Thekkawaththa,2020-01-14,17:00,2020-01-17,9:10,"Breaking into a house and stealing property worth 6,000",Burglary
80.564739,7.335182,Hadeniya,,2020-01-18,20:00,2020-01-19,9:00,Breaking into a shop and stealing property,Burglary
80.609581,7.296542,Udumulla,,2020-01-18,18:30,,,Assualt with a knife,Assault
80.60994,7.334379,Ranawana,Pigaoyawaththa,2020-01-22,11:40,2020-01-22,14:30,"Breaking into a house and stealing property worth 43,000",Burglary
80.636703,7.322436,Mawilmada,Paranaganthota Road,2020-01-24,23:00,2020-01-25,9:00,Breaking into a house and stealing property,Burglary
80.61142,7.321026,Kondadeniya,Pahala Kondadeniya ,2020-01-27,0:00,,,"Breaking into a house and stealing property worth 150,500",Burglary
80.609581,7.296542,Pallemulla,,2020-01-29,14:45,,,Possession of 2g of heroin,Drug
80.600787,7.303278,Uggalaa,,2020-01-29,19:45,,,Assault with a knife to the head,Assault
80.628854,7.328358,Kahalla,,2020-01-29,15:00,,,Breaking into a house and stealing property,Burglary
80.646653,7.325929,Polgolla,Doragamuwa Road,2020-01-30,21:00,2020-01-31,6:45,Stealing property from a parked Bolero truck,Theft
80.612965,7.304321,Hamangoda,,2020-02-02,15:30,,,Cutting with a knife,Assault
80.612965,7.304321,Gohagoda,,2020-02-01,,,,"Stealing a battery worth 37,000 from a vehicle",Theft
80.632454,7.329192,Nawayalathenna,,2020-02-03,7:00,2020-02-03,21:00,"Breaking into a house and stealing property worth 15,000",Burglary
80.612965,7.304321,Gohagoda,,2020-02-12,19:30,2020-02-13,10:00,"Breaking into a house and stealing property worth 8,300",Burglary
80.600787,7.303278,Halloluwa,,2020-02-15,7:30,,,Sexual assault of a 14-year-old girl in the name of a relationship,Rape
80.612965,7.304321,Wegiriya,,2020-02-20,7:45,2020-02-20,15:00,Breaking into a house,Burglary
80.615696,7.353901,Ambatenna,,2020-02-19,9:00,2020-02-26,15:00,"Breaking into a house and stealing property worth 45,000",Burglary
80.624283,7.323781,Katugastota,,2020-02-26,19:00,,,Stabbing in the head with a knife,Assault
80.612965,7.304321,Hamangoda,,2020-02-29,4:30,2020-03-01,1:30,Breaking into a house and stealing property,Burglary
80.600787,7.303278,Yatihalagala,,2020-03-03,9:15,,,"Stealing two phones worth 18,700 and fleeing on a motorcycle",Theft
80.622308,7.341378,Kalugalawaththa,,2020-03-06,16:15,,,Ripping out a gold necklace and fleeing on a motorbike,Theft
80.602024,7.324071,Wathuwala,,2020-03-07,23:30,2020-03-08,6:00,"Entering a house and stealing a laptop worth 75,000",Burglary
80.585494,7.328943,Nugawela,,2016-11-09,,,,"Issuing a fake check worth 967,900 for Sanstha Cement",Fraud
80.640351,7.331616,Jambugahapitiya,,2020-03-10,4:40,,,Abducting a 14-year-old girl,Abduction
80.578864,7.319055,Werallagama,Uggallawaththa,2020-03-10,9:00,2020-03-10,12:10,"Breaking into a house and stealing property worth 31,100",Burglary
80.600787,7.303278,Halloluwa,Doolwala,2020-03-11,19:00,2020-03-12,9:00,"Breaking into a house and stealing property worth 46,000",Burglary
80.602024,7.324071,Wathuwala,Nikathanna,2020-03-13,9:30,,,Beating up and biting until they bled,Assault
80.585494,7.328943,Barigama,,2020-03-12,18:50,,,Wounding by biting,Assault
80.585494,7.328943,Thiththapajjala,,2020-03-14,20:30,,,Stabbing with a knife,Assault
80.615696,7.353901,Ambatenna,,2020-03-15,16:00,,,"Beating up and stealing 20,000 and a silver chain",Robbery
80.564739,7.335182,Aladeniya,Wiguhumpola,2020-03-17,20:00,2020-03-19,16:00,"Breaking into a house and stealing betel worth 46,800",Burglary
80.585467,7.345114,Rajapihilla,,2020-03-22,18:00,2020-03-23,6:00,"Breaking into a house and stealing property worth 48,000",Burglary
80.622308,7.341378,Kalugalawaththa,,2020-03-27,14:55,,,Possessing and distributing 10.2 grams of heroin on a motorcycle,Drug
80.625742,7.325952,Kalugala ,,2020-03-26,11:00,2020-04-01,14:23,"Breaking into a house and stealing property worth 43,000",Burglary
80.564739,7.335182,Aladeniya,,2020-04-24,20:43,,,"Entering a house and stealing a water motor worth 30,000",Burglary
80.600787,7.303278,Halloluwa,,2020-03-26,10:30,2020-03-29,6:00,"Breaking into a house and stealing property worth 105,000",Burglary
80.624283,7.323781,Katugastota,,2020-04-07,8:00,,,Using a fake curfew license to travel,Fraud
80.622308,7.341378,Megodagama,,2020-04-07,19:45,,,Assualt with a knife,Assault
80.622308,7.341378,Megodagama,,2020-04-13,11:30,,,Inflicting critical wounds by biting off an arm,Assault
80.60994,7.334379,Ranawana,,2020-04-14,,2020-04-16,,"Stealing 255,000 from a car",Theft
80.617118,7.323072,Yatiwawala,,2020-04-20,15:30,,,Murdering by cutting the neck,Murder
80.624283,7.323781,Katugastota,,2020-04-20,16:50,,,"Taking 2,400 from a wallet by force while walking on the road",Robbery
80.640351,7.331616,Jambugahapitiya,,2020-04-28,18:30,2020-04-29,6:30,Breaking into a house and stealing a gas cylinder and a blender,Burglary
80.564402,7.051985,Ruwanpura,,2020-04-29,6:00,2020-04-29,9:00,Husband cutting the genitals of his boy when he tried to stop a fight between the husband and wife,Assault
80.615696,7.353901,Ambatenna,,2020-05-01,13:45,,,"Breaking into a house and stealing property worth 63,500",Burglary
80.600787,7.303278,Pallegama,Yatihalagala,2020-03-08,20:30,2020-03-14,15:30,"Stealing property worth 675,000 from the bedroom",Burglary
80.628027,7.320642,Wattaranthenna,,2020-05-12,13:05,,,Cutting with a knife,Assault
80.602024,7.324071,Wathuwala,,2020-05-11,15:00,2020-05-11,21:00,Breaking into a house and stealing property,Burglary
80.624283,7.323781,Katugastota,,2020-05-12,,,,"Stealing the water motor fixed to St. Anthony's Boys' College well, worth 35,000",Theft
80.617118,7.323072,Yatiwawala,,2020-05-14,17:40,,,Cutting with a knife,Assault
80.585494,7.328943,Mapamadulla,,2020-05-15,23:00,2020-05-16,6:15,"Breaking into a house and stealing nutmeg worth 20,000",Burglary
80.62368,7.321494,Katugastota,Arena film hall,2020-05-15,17:00,,,"Possession of heroin weighing 7,409 mg",Drug
80.624283,7.323781,Katugastota,,2020-05-16,13:35,,,"Possession of heroin weighing 2,050 mg",Drug
80.646653,7.325929,Polgolla,,2020-05-19,0:00,2020-05-19,5:40,"Breaking into a house and stealing nutmeg worth 237,000",Burglary
80.625742,7.325952,Katugastota,Police Station,2020-05-16,23:00,2020-05-20,15:00,"Stealing a three-wheeler worth 600,000",Theft
80.585494,7.328943,Thiththapajjala,,2020-05-20,5:45,2020-05-21,5:15,"Breaking into a house and stealing property worth 34,800",Burglary
80.585467,7.345114,Rajapihilla,,2020-05-23,10:50,,,Beating with a club and cutting with a knife,Assault
80.585467,7.345114,Ulladupitiya,,2020-05-23,12:00,2020-05-23,14:10,"Breaking into a Pattini Devalaya and stealing nutmeg worth 11,750",Burglary
80.615696,7.353901,Ambatenna,,2020-05-23,15:00,2020-05-24,7:45,"Breaking into a house and stealing property worth 66,000",Burglary
80.602024,7.324071,Ambulpuraya,,2020-05-27,1:30,,,Assualt to the head with a knife,Assault
80.60994,7.334379,Uduwawala,,2020-05-27,19:30,2020-05-28,7:30,"Breaking into a house and stealing Raththi milk powder worth 11,340",Burglary
80.600787,7.303278,Halloluwa,,2020-04-27,10:00,,,Sexualt assualt  of a 14 year old boy,Rape
80.600787,7.303278,Mahathenna,,2020-05-28,21:10,,,Cutting with a sword,Assault
80.564739,7.335182,Hedeniya,,2020-06-01,8:00,2020-06-01,17:15,"Stealing vehicle parts worth 41,000 from a container",Theft
80.602024,7.324071,Wathuwala,,2020-06-02,20:00,,,Beating up and breaking two teeth,Assault
80.617118,7.323072,Yatiwawala,,2020-06-06,9:30,2020-06-07,9:30,"Breaking into a house and stealing property worth 2,000",Burglary
80.60994,7.334379,Ranawana,,2020-03-15,18:30,,,Inflicting injury with a roof tile,Assault
80.622308,7.341378,Molagodayawatta,,2020-04-24,19:00,,,Beating up with a club,Assault
80.615696,7.353901,Ambatenna,,2020-06-08,18:10,2020-06-09,7:30,"Breaking into a house and stealing property worth 24,980",Burglary
80.564739,7.335182,Rajasinhagama,,2020-06-09,8:30,2020-06-10,6:00,"Breaking into a house and stealing property worth 25,600",Burglary
80.612965,7.304321,Hamangoda,,2020-06-12,10:00,2020-06-12,13:30,"Breaking into a house and stealing 44,000",Burglary
80.617118,7.323072,Yatiwawala,,2020-06-12,12:00,,,"Beating up and taking 100,000 by force",Robbery
80.564739,7.335182,Aladeniya,,2020-06-04,,2020-06-09,,"Entering a house and stealing property worth 177,000",Burglary
80.646653,7.325929,Polgolla,,2020-06-12,11:30,2020-06-14,8:00,"Stealing a battery worth 48,000 from a parked lorry",Theft
80.628854,7.328358,Kahalla,,2020-03-09,,2020-05-29,,"Betraying trust and taking $7,220 from a Chinese woman",Fraud
80.564739,7.335182,Kumburegama,Arambekade,2020-06-19,8:45,2020-06-19,14:45,"Breaking into a house and stealing property worth 11,000",Burglary
80.600787,7.303278,Pallegama,Yatihalagala,2020-06-20,20:00,2020-06-21,5:00,"Breaking into a house and stealing property worth 45,000, including dooriyan",Burglary
80.564739,7.335182,Aladeniya,,2020-06-20,19:30,,,Stabbing with a knife,Assault
80.564739,7.335182,Hedeniya,,2020-06-21,21:45,2020-06-22,6:30,"Breaking into a house and stealing property worth 9,980",Burglary
80.628854,7.328358,Kahalla,,2020-06-22,7:00,2020-06-22,17:45,"Breaking into a house and stealing property worth 30,000",Burglary
80.615696,7.353901,Ambatenna,,2020-06-29,2:30,2020-06-29,6:00,"Breaking into a house and stealing property worth 12,240",Burglary
80.602024,7.324071,Wathuwala,,2020-06-29,8:30,2020-06-29,20:30,"Breaking into a house and stealing 8,500 and 8,000 worth of nutmeg",Burglary
80.600787,7.303278,Yatihalagala,,2020-06-25,17:00,,,Cutting with a knife,Assault
80.62368,7.321494,Katugastota,Pan Asia Bank,2020-07-03,13:30,,,"Stealing 130,000 from a pawning shop while pawning",Theft
80.60994,7.334379,Ranawana,,2020-07-05,23:40,,,Cutting with a paper cutter,Assault
80.622308,7.341378,Megodagama,,2020-07-10,10:00,2020-07-10,12:30,"Breaking into a house and stealing property worth 8,000",Burglary
80.60994,7.334379,Ranawana,,2020-02-29,,2020-07-14,,"Stealing underground cables worth 50,000 laid by SLT",Theft
80.564739,7.335182,Hedeniya,,2020-07-15,20:15,,,"Stealing 45,000 from a pocket by blindfolding from the back",Robbery
80.60994,7.334379,Rambukpotha,,2020-07-16,21:30,2020-07-17,6;15,Killing two mee-harak (cattle) by using electric fences,AnimalCruelty
80.625742,7.325952,Katugastota,Ranaviru Junction,2020-07-16,18:00,2020-07-17,12:15,Breaking into a dental clinic,Burglary
80.612965,7.304321,Gohagoda,,2018-04-18,,2020-07-18,,"Breaking trust and taking a Corolla to fix it with 20,000,00",Fraud
80.578864,7.319055,Werallagama,,2019-11-27,12:00,2019-11-27,19:00,"Breaking into a house and stealing gold worth 40,000",Burglary
80.612965,7.304321,Hamangoda,,2020-06-06,12:30,2020-07-14,11:30,"Breaking into a house and stealing property worth 25,000",Burglary
80.615696,7.353901,Ambatenna,,2019-12-14,,2020-02-11,,"Breaking trust and taking 564,693",Fraud
80.628027,7.320642,Katugastota,Mahaweli Reach Hotel,2020-06-25,15:40,,,"Abducting and taking 8,400 and a phone",Kidnapping
80.578864,7.319055,Werallagama,,2020-07-24,21:30,,,"Entering a house and stealing 77,000 and a phone worth 10,000",Burglary
80.609581,7.296542,Udumulla,,2020-07-11,14:00,2020-07-25,16:00,"Breaking into a house and stealing property worth 10,000",Burglary
80.585467,7.345114,Gonigoda,,2020-07-23,13:45,,,"Entering a house by force and stealing 24,000",Burglary
80.633779,7.315139,Pitakanda,Near Nittawela,2020-07-25,12:30,2020-07-26,19:20,"Breaking into a house and stealing property worth 10,000",Burglary
80.617118,7.323072,Yatiwawala,,2017-07-01,,2017-08-01,,"Giving a fake check worth 900,000",Fraud
80.624283,7.323781,Katugastota,,2020-06-24,16:00,,,Beating up with a club,Assault
80.615696,7.353901,Ambatenna,Bogasgoda,2020-07-29,23:30,2020-07-30,3:30,"Breaking into a house and stealing property worth 33,500",Burglary
80.615696,7.353901,Ambatenna,,2020-08-05,14:20,,,"Breaking into a house and stealing property worth 27,300",Burglary
80.612965,7.304321,Gohagoda,,2020-08-04,19:35,2020-08-04,22:00,"Abducting a 14yr old girl who got to known by a phone number. taken her to the suspects bedroom, scared her, beaten up , scolded and raped without her concent",Rape
80.564739,7.335182,Hedeniya,,2020-08-09,4:35,,,"Beaten up with a club, taken 49,320 while waiting for the bus""",Robbery
80.578864,7.319055,Yahalathenna,,2020-08-07,14:00,2020-08-09,18:00,Stealing wood,Theft
80.617118,7.323072,Yatiwawala,,2020-08-13,9:30,2020-08-13,12:10,"Breaking into a house and stealing property worth 763,000",Burglary
80.60994,7.334379,Uduwawala,,2020-08-13,13:15,,,Keeping heroin 27g 560mg and distributing in a lorry,Drug
80.612965,7.304321,Gohagoda,,2020-08-09,15:30,2020-08-15,9:30,"Breaking into a house and stealing property worth 5,000",Burglary
80.60994,7.334379,Uduwawala,,2020-08-09,11:00,2020-08-15,18:00,"Breaking into a house and stealing property worth 3,050",Burglary
80.602024,7.324071,Wathuwala,,2020-08-16,13:10,,,Keeping heroin 2g 30mg,Drug
80.564739,7.335182,Aladeniya,,2020-08-16,12:45,,,Keeping heroin 2g 40mg,Drug
80.578864,7.319055,Yahalathenna,,2019-01-01,,2020=08-15,14:30,Sexual Assault done by father to a 14yr old boy,Rape
80.578864,7.319055,Yahalathenna,,2019-01-01,,2020=08-15,,Sexual Assault 8yr old girl by father,Rape
80.578864,7.319055,Yahalathenna,,2020-01-01,,2020-07-01,,Sexual Assault 7yr old girl by father,Rape
80.61142,7.321026,Pahalakondadeniya,,2020-07-03,,2020-07-20,8:30,"Breaking into a house and stealing property worth 85,000",Burglary
80.624283,7.323781,Katugastota,Manikkumbura market,2020-08-20,10:00,,,Beating with a club and cutting with a knife after asking about the reason to beat,Assault
80.615696,7.353901,Hapugoda,,2020-07-29,10:00,2020-08-21,10:30,"Breaking into a house and stealing property worth 13,000",Burglary
80.60994,7.334379,Ranawana,,2020-08-20,10:30,2020-08-21,10:30,"Entering a house and stealing 50,000",Burglary
80.564739,7.335182,Aladeniya,,2020-08-22,20:30,,,"Taking 5,100 by force and threatening with a weapon",Robbery
80.615696,7.353901,Ambatenna,,2020-08-13,11:30,2020-08-13,20:08,"Breaking into a house and stealing property worth 47,600",Burglary
80.615696,7.353901,Ambatenna,,2020-08-24,0:30,2020-08-24,4:00,"Breaking into a house and stealing property worth 15,000",Burglary
80.615696,7.353901,Ambatenna,,2020-08-26,17:45,,,"30,500 worth of wallet has been stolen by a person who took the bag in the bus",Theft
80.622308,7.341378,Megodagama,,2020-08-29,9:00,2020-08-29,18:15,"Breaking into a house and stealing property worth 36,000",Burglary
80.585494,7.328943,Mapamadulla,,2020-08-30,19:30,,,"Ripping out a gold necklace worth 20,000 LKR and fleeing on a motorbike",Theft
80.578864,7.319055,Yahalathenna,,2019-12-01,18:00,2019-12-02,6:00,Sexual Assault done by father to a 16yr old girl,Rape
80.60994,7.334379,Akkara 5,,2020-08-31,21:00,,,Assualt with a knife,Assault
80.600787,7.303278,Warathenna,,2020-09-01,16:15,,,Keeping 5Kilo and500 mg of a substance,Drug
80.624283,7.323781,Katugastota,Manikkumbura market,2020-09-02,7:30,,,Cutting with a knife,Assault
80.625742,7.325952,Katugastota,Boc Building,2020-07-20,13:00,2020-09-03,11:30,"Breaking into a house and stealing property worth 38,000",Burglary
80.578864,7.319055,Werallagama,,2017-08-05,,,,"Breaking trust and using a fake check worth 1,095,490",Fraud
80.564739,7.335182,Hedeniya,,2020-09-06,14:00,,,Abduction and beating up after misleading with false SMS and engaging in physical assault,Abduction
80.602024,7.324071,Wathuwala,,2020-07-07,9:30,2020-07-08,2:00,Abduction and raping a 15yr old girl for a ralationship,Rape
80.564739,7.335182,Palkumbura,,2020-07-18,20:30,2020-07-19,20:30,Abduction and raping a 15yr old girl by Uncle,Rape
80.615696,7.353901,Hapugoda,,2020-09-10,12:10,,,"Forcefully entering a house and ripping a gold necklace worth 250,000 from a woman",Robbery
80.564739,7.335182,Aladeniya,,2020-09-10,11:30,2020-09-10,13:30,Breaking into a house and stealing property,Burglary
80.638029,7.34366,Millanga Junction,,2020-09-05,21:30,,,"""Beating up with a club and stealing a gold necklace",Robbery
80.628854,7.328358,Kahalla,,2020-09-11,22:00,2020-09-12,2:00,"Breaking into a house and stealing property worth 47,250,000",Burglary
80.632454,7.329192,Nawayalathenna,Station Road,2020-09-12,2:00,2020-09-12,6:30,Breaking into a house and stealing property,Burglary
80.628854,7.328358,Kahalla,,2020-09-14,,,,"Breaking into a house and stealing property worth 44,000",Burglary
80.628854,7.328358,Kahalla,,2020-08-04,,2020-09-14,,"Stealing 30,000 worth of iron pipes from a construction site",Theft
80.625742,7.325952,Katugastota,Hospital,2020-07-21,2:00,,,A patient scolding and beating up an attendant,Assault
80.585494,7.328943,Thiththapajjala,,2020-09-15,7:00,2020-09-15,14:00,"Breaking into a house and stealing property worth 410,000",Burglary
80.62368,7.321494,Katugastota,Gohagoda Road,2020-09-16,22:45,,,Raping a 24yr old woman by a person introduced by an female ayurvedic doctor who claims to give a job,Rape
80.585494,7.328943,Naiappana,,2020-09-16,19:00,2020-09-17,6:10,"Stealing batteries worth 59,900 from a parked bus",Theft
80.628854,7.328358,Kahalla,,2020-09-18,22:30,,,"Keeping 6,080mg of heroin and distributing on a motorbike",Drug
80.585467,7.345114,Gonigoda,,2020-09-19,15:00,,,Cutting with a knife,Assault
80.585494,7.328943,Nugawela,Near Dilum Amunugama House,2019-02-11,23:00,2017-08-25,22:00,Wounding with a glass bottle,Assault
80.62368,7.321494,Katugastota,Near Rahula College,2020-09-23,17:30,,,"Causing damage worth 108,800 to a car with brooms",Vandalism
80.585467,7.345114,Rajapihilla,Ranawana Road,2017-08-23,8:15,2017-08-25,22:00,Abductiong and raping a 15 yr old girl,Rape
80.615696,7.353901,Bokalawela,Uduwawala,2020-09-25,23:00,2020-09-25,23:30,Cutting with a gang using swords after a party,Assault
80.646653,7.325929,Waththegedara,Boondi factoryy,2020-09-27,20:00,,,Beating up and kidnappingin a three-wheeler,Kidnapping
80.615696,7.353901,Ambatenna,,2020-09-27,21:00,,,"Taking 9,500 by threatening",Robbery
80.602024,7.324071,Wathuwala,,2020-09-27,20:00,2020-09-28,5:00,Breaking into a house,Burglary
80.612965,7.304321,Hamangoda,,2020-09-29,13:45,,,"Breaking into a house and stealing property worth 7,000",Burglary
80.602024,7.324071,Kulugammana,,2020-09-28,12:15,2020-09-28,13:00,"Taking gold worth 97,600 and 7,000 by threatening",Robbery
80.615696,7.353901,Ambatenna,,2020-09-27,10:25,,,"Damaging a bus worth 31,500",Vandalism
80.578864,7.319055,Yahalathenna,,2020-10-02,20:30,,,Wounding by hitting with an axe,Assault
80.633779,7.315139,Nittawela,,2020-10-03,21:00,2020-10-04,7:30,"Breaking into a house and stealing property worth 7,000",Burglary
80.60994,7.334379,Uduwawala,,2020-10-01,,,,"Trespassing onto land and cutting down hawari nuga trees worth 60,000",Trespassing
80.585494,7.328943,Nugawela,,2020-10-08,12:00,,,Biting and beating with a club,Assault
80.602024,7.324071,Kulugammana,,2020-10-08,18:30,,,"aking 23,000 and a phone worth 8,000 by threatening",Robbery
80.646653,7.325929,Polgolla,,2020-10-03,20:30,2020-10-03,21:00,Attempting to murder wife by placing a cloth inside the mouth and strangling with a wire,AttemptedMurder
80.600787,7.303278,Halloluwa,Gal wanguwa,2020-10-10,19:00,2020-10-11,6:30,"Stealing a 60,000 LKR battery from a bus",Theft
80.600787,7.303278,Halloluwa,,2020-10-10,19:30,2020-10-11,7:30,"Stealing a 39,000 LKR battery from a bus",Theft
80.60994,7.334379,Ranawana,,2020-10-12,10:30,,,Cutting with a knife,Assault
80.60994,7.334379,Uduwawala,,2020-10-12,16:00,,,"Stealing 60,000 LKR worth of two phones",Theft
80.636703,7.322436,Mawilmada,,2020-10-06,,2020-10-07,,"Causing damage worth 441,963 LKR by adding cement to a cab's injector",Vandalism
80.636703,7.322436,Mawilmada,,2020-10-14,19:30,2020-10-15,7:30,Breaking into a house and stealing property,Burglary
80.622308,7.341378,Kalugalawaththa,,2020-05-15,,,,"Breaking into a house and stealing property worth 473,000 LKR",Burglary
80.585494,7.328943,Nugawela,,2020-10-15,21:00,,,Cutting with a knife,Assault
80.585467,7.345114,Aththaragama,,2020-05-17,19:00,,,Husband cuts wife's face with a blade,Assault
80.612965,7.304321,Gohagoda,,2020-10-02,12:00,,,Beating up with a club,Assault
80.612965,7.304321,Gohagoda,,2020-10-17,11:00,2020-10-17,15:00,Beating up tieing up a 13yr old girl for not helping housework,Assault
80.622308,7.341378,Kalugalawaththa,,2020-10-19,15:15,,,"Keeping heroin, 5g 430mg",Drug
80.585494,7.328943,Nugawela,,2020-10-20,12:40,2020-10-20,14:00,Breaking into a house and stealing property,Burglary
80.61142,7.321026,Pahalakondadeniya,,2020-10-21,3:30,,,Breaking into a house,Burglary
80.61142,7.321026,Kondadeniya,,2020-10-20,22:30,2020-10-21,2:00,Breaking into a house,Burglary
80.714775,7.286264,Balagolla,,2020-01-10,8:00,,,Abducting and raping 15yr old,Rape
80.61142,7.321026,Senarathgama,,2020-10-24,2:20,2020-10-25,5:45,"Breaking into a house and stealing property worth 240,000",Burglary
80.612965,7.304321,Gohagoda,,2020-10-26,15:45,2020-10-27,7:20,"Breaking into a house and stealing property worth 33,900",Burglary
80.638029,7.34366,Egodagama,,2020-10-27,17:00,2020-10-29,9:30,"Breaking into a house and stealing property worth 12,590",Burglary
80.624283,7.323781,Katugastota,,2020-07-29,,,,"Stealing 415,000 by a person who came to fix a PC",Theft
80.600787,7.303278,Pallegama,,2020-10-31,7:00,2020-10-31,17:00,"Stealing 30,000 from the house",Theft
80.646653,7.325929,Polgolla,Doragamuwa Road,2020-11-05,11:32,,,Possession of a counterfeit 1000 Rupee note,Fraud
80.624283,7.323781,Katugastota,,2020-11-06,18:45,2020-11-07,8:10,"Breaking into a house and stealing a Nikon D700 worth 130,000",Burglary
80.615696,7.353901,Ambatenna,,2020-08-10,14:30,2020-09-21,14:00,Abducting and raping a 15yr old girl,Rape
80.624283,7.323781,Katugastota,,2020-11-11,16:45,2020-11-11,17:45,"Pickpocketing 45,900 from a woman in a bus",Theft
80.60994,7.334379,Ranawana,,2020-11-13,0:00,2020-11-13,6:15,"Breaking into a house and stealing property worth 80,000",Burglary
80.578864,7.319055,Yahalathenna,,2020-11-14,17:30,,,Beating up and breaking three teeth,Assault
80.619722,7.314906,Ugurassapitiya,,2020-11-17,23:35,,,"""Keeping 2,040 mg of heroin",Drug
80.636703,7.322436,Mawilmada,,2020-11-11,16:45,2020-11-23,8:00,"Trespassing on land and stealing 380,000 worth of industrial equipment",Theft
80.615696,7.353901,Ambatenna,,2020-11-20,22:40,2020-11-21,13:00,"Stealing a toolbox worth 3,900 from a lorry",Theft
80.640351,7.331616,Jambugahapitiya,Mandandawela,2020-11-27,19:20,,,Biting a police officerâ€™s hand and attempting murder by strangling,AttemptedMurder
80.602024,7.324071,Kulugammana,,2020-11-27,19:30,2020-11-28,5:30,"Breaking into a house and stealing property worth 48,200""",Burglary
80.578864,7.319055,Malgammana,,2020-08-30,,2020-11-28,13:00,"Breaking into a house and stealing property worth 11,900",Burglary
80.612965,7.304321,Gohagoda,,2020-11-30,19:30,,,"Possesion of  2,050 mg of heroin",Drug
80.615696,7.353901,Ambatenna,,2020-12-02,19:45,2020-12-03,9:10,"Breaking into a house and stealing property worth 46,720",Burglary
80.61142,7.321026,Kondadeniya,,2020-12-05,13:50,,,"Keeping 2,150 mg of heroin",Drug
80.61142,7.321026,Kondadeniya,,2020-12-07,15:00,,,"Keeping 2,030 mg of heroin",Drug
80.600787,7.303278,Halloluwa,Primary College,2020-12-07,17:30,,,"Stealing Turmeric crop worth 27,000 from the school",Theft
80.636703,7.322436,Mawilmada,Mosque,2020-12-13,23:00,,,"Attacking with a car, causing damage and attempting murder",AttemptedMurder
80.632454,7.329192,Nawayalathenna,,2020-12-18,15:25,,,Keeping 19 g 910 mg of heroin,Drug
80.624283,7.323781,Katugastota,,2020-12-21,20:15,2020-12-22,8:15,"Breaking into a house and stealing property worth 806,000",Burglary
80.624283,7.323781,Katugastota,,2020-12-21,20:45,2020-12-22,8:45,"""Breaking into a house and stealing property worth 43,000",Burglary
80.62368,7.321494,Katugastota,Hewage Super Market,2020-12-23,19:30,2020-12-23,20:00,"Threatening by checking ID, then forcing into a car and taking 24,000",Robbery
80.609581,7.296542,Udamulla,Katugastota,2020-12-25,19:30,,,Beating up with clubs and damaging a three-wheeler,Assault
80.564739,7.335182,Aladeniya,,2020-12-27,16:00,2020-12-28,16;25,"Stealing an ATM card and using it to withdraw 45,000",Fraud
80.62368,7.321494,Katugastota,Water Board,2020-08-01,,2020-12-30,9:30,"Stealing 37,980 worth of armed cables",Theft
80.605869,7.478176,Agalawaththa,,2020-12-24,,,,Breaking into a house,Burglary
80.564739,7.335182,Aladeniya,,2021-01-01,16:30,,,Cutting off a person's ear,Assault
80.633779,7.315139,Katugastota,Near Ishara Traders,2021-01-04,21:20,,,"Stealing 9,040 from a pizza delivery boy by threatening with a pick to the face",Robbery
80.564739,7.335182,Hedeniya,Werallagama,2021-01-04,20:30,2021-01-05,6:30,"Breaking into a house and stealing property worth 35,615",Burglary
80.636703,7.322436,Mawilmada,Aluthganthota Road,2020-12-01,,2021-01-06,15:00,"Stealing 430,000 from a chest in a house",Burglary
80.625742,7.325952,Katugastota,Dharmavijaya College,2020-12-23,14:15,2021-01-05,8:30,Breaking into a house,Burglary
80.619722,7.314906,Gohagoda,Thekkawaththa,2021-01-07,13:00,,,Abducting and sexual misconduct of a 15yr old girl,Rape
80.564739,7.335182,Aladeniya,Wigunumpola,2021-01-11,18:00,2021-01-12,6:30,"Breaking into a house and stealing property worth 39,460",Burglary
80.638029,7.34366,Egodagama,,2020-12-23,16:00,2021-01-06,,"Entering a house and stealing 68,000 worth of property",Burglary
80.61142,7.321026,Senarathgama,,2021-01-14,15:45,2021-01-15,6:30,"Breaking into a house and stealing property worth 1,000",Burglary
80.638029,7.34366,Udathalawinna,,2021-01-14,19:30,2021-01-15,7:00,"Breaking into a house and stealing property worth 25,000",Burglary
80.585494,7.328943,Nugawela,Bus Depot,2020-09-16,,,,Abducting and raping a 14yr old girl,Rape
80.615696,7.353901,Ambatenna,,2021-01-09,,2021-01-18,,"Breaking trust and misusing 645,047",Fraud
80.564739,7.335182,Hedeniya,8th mile post Werallagama,2021-01-17,18:00,2021-01-18,6:00,"Stealing a motorbike worth 250,000",Theft
80.622308,7.341378,Kakunawaththa,,2021-01-18,19:00,,,Abducting a 13-year-old girl,Abduction
80.646653,7.325929,Polgolla,Doragamuwa road,2021-01-20,23:15,2021-01-21,4:00,"Beating up and stealing a motorbike worth 130,000 and a mobile phone worth 30,000",Robbery
80.564739,7.335182,Aladeniya,,2021-01-18,16:00,2021-01-24,15:30,"Breaking into a house and stealing property worth 9,400",Burglary
80.615696,7.353901,Ambatenna,Sandakalum Wine stores,2021-01-23,14:00,,,Beating up and wounding a person,Assault
80.600787,7.303278,Kurundugahamada,,2021-01-25,21:30, 2021-01-26,8:00,"Stealing industrial equipment worth 80,000",Theft
80.628854,7.328358,Kahalla,,2021-01-22,17:00,,,Trespassing onto land and cutting with a knife,Assault
80.602024,7.324071,Wathuwala,Kurunegala Road,2021-01-26,19:00,,,"Pickpocketing and stealing 5,000 and an ATM card, then purchasing items worth 73,470",Theft
80.615696,7.353901,Ambatenna,Near Thushara Bar,2021-01-24,18:00,,,"Taking 4,350 by force",Robbery
80.585494,7.328943,Nugawela,Randahadiya Road,2021-01-30,22:30,2021-01-31,6:30,"Breaking into a house and stealing property worth 23,000",Burglary
80.60994,7.334379,Ranawana,,2021-01-30,20:45,,,Cutting with a paper cutter,Assault
80.615696,7.353901,Kudugala,,2021-02-03,8:15,,,"Stealing a bike worth 345,000 by asking for a test ride",Theft
80.638029,7.34366,Udathalawinna,,2021-02-04,13:00,2021-02-04,16:30,Breaking into a house and stealing property,Burglary
80.602024,7.324071,Kulugammana,,2021-02-03,19:20,,,"Impersonating police officers and taking 492,000 by force",Fraud
80.636703,7.322436,Mawilmada,Siyambalagasthenna road,2021-02-07,15:45,2021-02-07,18:15,"Stealing property worth 75,000 by entering a house",Burglary
80.578864,7.319055,Werallagama,Arambegoda,2021-02-11,11:00,2021-02-11,13:15,"Breaking into a house and stealing 3,000 out of a till",Burglary
80.564739,7.335182,Aladeniya,Muruthalawa Road,2021-02-11,15:30,,,Keeping heroin 5g 450mg,Drug
80.62368,7.321494,Katugastota,Inigala Road,2021-02-13,19:15,2021-02-14,7:15,"Stealing a motorbike worth 80,000",Theft
80.636703,7.322436,Mawilmada,Dutugamunu Road,2021-02-15,6:25,,,"Ripping out a gold necklace worth 49,000 LKR",Robbery
80.600787,7.303278,Halloluwa,Barigama Road,2021-02-15,14:30,,,Beating up and setting fire to a house,Arson
80.633779,7.315139,Katugastota,Near Arpico Super Center,2021-02-15,19:00,2021-02-16,8:00,"Stealing 50,000 from a wooden box that was kept open",Theft
80.578864,7.319055,Kurunduwaththa,,2021-02-12,15:15,,,"Beating up, stealing 520.00 and a phone worth 41,000",Robbery
80.619722,7.314906,Ugurassapitiya,,2021-02-18,17:00,,,"Stealing a mobile phone worth 20,000 and a wallet worth 20,000 from a lorry",Theft
80.622308,7.341378,Kakunawaththa,,2021-02-17,22:30,,,Breaking into a house,Burglary
80.619722,7.314906,Gohagoda,Thekkawaththa,2021-02-11,,2021-02-20,,"Stealing industrial equipment worth 225,000",Theft
80.619722,7.314906,Gohagoda,Thekkawaththa,2021-02-20,20:05,,,"Keeping heroin 2,020mg",Drug
80.62368,7.321494,Katugastota,Polwaththa ,2021-02-20,23:30,,,"""Murder by assault with a club and stabbing with a scythe",Murder
80.609581,7.296542,Pallemulla,,2021-02-22,0:43,,,"Ripping out a gold necklace worth 180,000 LKR",Robbery
80.628854,7.328358,Kahalla,Kukulakumubura,2021-02-25,20:45,,,Keeping heroin 2g 60m,Drug
80.638029,7.34366,Udathalawinna,,2021-02-25,20:15,,,Keeping heroin 2g 20mg,Drug
80.638029,7.34366,Udathalawinna,,2021-02-26,12:10,,,Keeping heroin 2020mg,Drug
80.62368,7.321494,Katugastota,Gohagoda Road,2020-08-01,,2021-02-26,12:30,Breaking into a house and stealing property,Burglary
80.628027,7.320642,Katugastota,Kudarathwaththa Road,2021-02-23,7:30,,,"Trespassing to a building and damaging property worth 68,000",Vandalism
80.600787,7.303278,Halloluwa,Janaraja Road,2020-11-30,14:30,2021-02-28,10:00,"Breaking into a house and stealing 39,490",Burglary
80.640351,7.331616,Jambugahapitiya,Moonamale ,2021-02-28,18:00,2021-03-01,6:00,"Stealing tamarind worth 40,000",Theft
80.600787,7.303278,Halloluwa,Gal Wanguwa,2021-03-01,18:30,2021-03-02,7:00,"Breaking into a house and stealing property worth 15,900",Burglary
80.62368,7.321494,Katugastota,Gohagoda Road,2021-03-01,19:30,2021-03-02,18:30,Breaking into a house,Burglary
80.585494,7.328943,Thiththapajjala,,2021-03-04,15:30,,,Stealing an unregistered motorbike,Theft
80.622308,7.341378,Ambatenna,Near Mag City,2021-03-05,13:55,,,Keeping heroin 4g 220mg,Drug
80.628854,7.328358,Kahalla,Kukulakumubura,2021-03-05,16:15,,,Keeping heroin 2g 320mg,Drug
80.578864,7.319055,Werallagama,Ulladupitiya,2021-01-11,10:30,,,Cutting with a knife,Assault
80.615696,7.353901,Ambatenna,Near Lucky glass house,2021-01-14,17:00,,,"Stealing a mobile phone worth 250,000 from a lorry",Theft
80.622308,7.341378,Katugastota,Molagodayawaththa,2021-03-15,6:30,2021-03-15,12:15,"Breaking into a house and stealing property worth 26,000",Burglary
80.638029,7.34366,Egodagama,Near Egodagama school,2021-03-19,10:15,,,Keeping heroin 2005mg,Drug
80.60994,7.334379,Ranawana,Old Distric Office,2021-03-21,3:00,,,Keeping heroin 2400mg,Drug
80.646653,7.325929,Polgolla,Uyanwaththa junction,2021-03-19,18:30,2021-03-19,20:30,Wounding by bonking with a club,Assault
80.615696,7.353901,Ambatenna,,2021-03-22,17:15,,,Keeping heroin 2600mg,Drug
80.61142,7.321026,Kondadeniya,,2021-03-22,21:30,,,Wounding by bonking with a metal spike and cutting with a knife,Assault
80.578864,7.319055,Werallagama,Arambepola,2021-03-23,22:00,,,Splashing battery acid to the face and damaging an eye,Assault
80.632454,7.329192,Nawayalathenna,Arrack Distilleries ( DCSL STORE),2021-03-24,15:15,,,Ripping out a part of a gold necklace,Robbery
80.585494,7.328943,Nugawela,,2021-03-25,15:20,,,Beating up and stabbing with scissors,Assault
80.622308,7.341378,Kalugalawaththa,,2021-03-01,12:00,,,Raping a 31yr old Mentally challenged woman,Rape
80.578864,7.319055,Yahalathenna,,2021-03-28,,,,"Breaking trust and misusing 876,165.12 for milk powder",Fraud
80.600787,7.303278,Halloluwa,Warathenna,2021-03-30,10:00,,,"Entering a house and stealing 40,000",Burglary
80.617118,7.323072,Yatiwawala,,2021-03-31,1:30,,,"Breaking into a house and stealing property worth 30,000 by threatening with a knife",Burglary
80.628854,7.328358,Kahalla,,2020-12-01,,2021-03-30,14:00,"Breaking into a house and stealing property worth 31,000",Burglary
80.615696,7.353901,Ambatenna,,2020-09-21,10:00,,,Abducting and raping a 15yr old girl,Rape
80.602024,7.324071,Wathuwala,,2021-04-01,14:00,,,"Keeping heroin 2,200 mg",Drug
80.585494,7.328943,Nugawela,Nugawela Central College,2021-04-01,11:30,,,Keeping heroin 201 g and delivering on a motorcycle,Drug
80.61142,7.321026,Senarathgama,,2021-04-02,3:30,,,"Breaking into a house and stealing an imitation necklace worth 7,000",Burglary
80.624283,7.323781,Katugastota,Manikkumbura Market,2021-04-04,20:30,,,Beating up and breaking a tooth,Assault
80.625742,7.325952,Katugastota,Bank of ceylon,2021-04-05,10:35,,,"Taking 3,100 by force for driving a bus earlier than scheduled",Extortion
80.612965,7.304321,Gohagoda,,2021-04-05,17:30,2021-04-06,8:05,"Breaking into a house and stealing property worth 25,000",Burglary
80.612965,7.304321,Hamangoda,,2021-04-06,11:00,2021-04-06,15:30,"Breaking into a house and stealing property worth 15,000",Burglary
80.612965,7.304321,Hamangoda,,2021-04-07,9:35,,,Keeping heroin 29 g 830 mg,Drug
80.628027,7.320642,Katugastota,Hansiru pooja banda,2021-04-08,18:30,2021-04-09,7:35,"Breaking into a house and stealing property worth 487,500",Burglary
80.632454,7.329192,Nawayalathenna,Rail gate,2021-04-08,9:00,2021-04-08,11:00,"Breaking trust and misusing 1,080,000",Fraud
80.585494,7.328943,Thiththapajjala,Sha investments,2021-04-09,17:00,2021-04-10,8:00,Breaking into a house and stealing property,Burglary
80.578864,7.319055,Yahalathenna,Mahathenna,2021-04-15,21:15,,,Wounding by attacking with a sword and throwing a rock,Assault
80.578864,7.319055,Yahalathenna,Mahathenna waththa,2021-04-15,21:15,,,Beating with clubs and attacking with a sword,Assault
80.619722,7.314906,Pahalakondadeniya,,2021-04-17,19:30,,,Stabbing with a broken glass bottle,Assault
80.615696,7.353901,Ambatenna,,2021-04-18,16:30,,,"Keeping heroin 2,230 mg",Drug
80.62368,7.321494,Katugastota,Inigala Bridge,2021-04-20,0:30,,,"Stealing 12,600 out of a driver",Theft
80.62368,7.321494,Katugastota,Polwaththa ,2021-04-21,0:30,2021-04-21,5:30,"Entering a garage and stealing property worth 98,000",Burglary
80.585494,7.328943,Nugawela,,2021-04-20,22:30,2021-04-21,6:30,"Breaking into a house and stealing property worth 15,000",Burglary
80.600787,7.303278,Halloluwa,Doolwala,2021-04-20,6:15,2021-04-21,7:00,"Breaking into a house and stealing property worth 150,000",Burglary
80.625742,7.325952,Katugastota,Madawala Road,2021-04-21,22:15,2021-04-22,7:20,"Breaking into a shop and stealing property worth 333,090",Burglary
80.585494,7.328943,Thiththapajjala,,2021-04-21,21:00,,,Abducting and raping a 15yr old girl,Rape
80.600787,7.303278,Halloluwa,Bogahakanda,2021-04-22,19:00,2021-04-23,6:00,"""Breaking into a house and stealing property worth 31,370",Burglary
80.600787,7.303278,Halloluwa,"Infront of 236/1, narangaskumburua rd,",2021-04-22,20:00,,,"Beating up, smashing a phone, and stealing 18,700",Assault
80.585494,7.328943,Nugawela,,2021-04-23,21:30,2021-04-25,5:00,Breaking into a house,Burglary
80.625742,7.325952,Kalugala,Near Sri bodhimalu temple,2021-04-26,15:00,,,"Keeping heroin 2,100 mg",Drug
80.585494,7.328943,Nugawela,Randahadiya Road,2021-04-26,23:30,2021-04-27,3:35,"Breaking into a house and stealing 2,500 and a liquor bottle",Burglary
80.564739,7.335182,Aladeniya,,2020-08-02,,,,Abducting and raping a 14yr old girl,Rape
80.617118,7.323072,Yatiwawala,,2020-01-01,,2020-10-01,,"Breaking trust by promising immigration services to Japan and misusing 500,000",Fraud
80.632454,7.329192,Nawayalathenna,Balanagala road,2021-04-29,19:30,,,"Wounding by beating up with clubs and doing property damage worth 170,250",Assault
80.602024,7.324071,Wathuwala,,2021-04-30,9:30,2021-04-30,16:30,"Entering a house and stealing a TV worth 45,000",Burglary
80.625742,7.325952,Katugastota,Madawala Road,2021-05-02,17:03,,,"Keeping heroin 5,140 mg",Drug
80.640351,7.331616,Jambugahapitiya,Hapukotuwa,2021-05-04,19:00,,,Wounding by hitting with a club and damaging property,Assault
80.640351,7.331616,Jambugahapitiya,Moonamale,2021-05-04,22:30,2021-05-05,5:30,"Breaking into a house and stealing 15,000 and an Acer laptop",Burglary
80.600787,7.303278,Halloluwa,RDA office,2021-05-06,18:30,2021-05-07,7:30,"Stealing a battery worth 50,000 from a parked lorry",Theft
80.62368,7.321494,Katugastota,Gohagoda road,2021-04-10,,2021-05-04,,"Breaking trust regarding industrial equipment worth 311,600",Fraud
80.600787,7.303278,Halloluwa,Warathenna,2020-10-10,,2020-12-09,,"Breaking trust regarding ice cream worth 571,731",Fraud
80.625742,7.325952,Katugastota,Madawala Road,2021-05-08,18:30,2021-05-08,19:30,"Entering a house, beating up, and stealing 42,000 worth of property",Burglary
80.564739,7.335182,Aladeniya,,2021-05-07,18:30,2021-05-08,19:30,"Stealing property worth 31,100 from an industrial site",Theft
80.585494,7.328943,Thiththapajjala,,2021-05-09,21:15,2021-05-10,6:30,"Breaking into a house and stealing property worth 448,000",Burglary
80.578864,7.319055,Werallagama,Aradegama,2020-06-19,19:30,,,Drunkard father abusing a 7-year-old child,Assault
80.615696,7.353901,Ambatenna,Kudugala,2021-05-12,0:00,2021-05-12,10:15,"Breaking into a house and stealing property worth 45,000",Burglary
80.578864,7.319055,Yahalathenna,,2021-05-13,19:30,,,Abducting and raping a 15yr old girl,Rape
80.62368,7.321494,Katugastota,Near Rahula College,2021-05-16,12:10,,,"Keeping heroin 2,020 mg",Drug
80.62368,7.321494,Katugastota,Near Rahula College,2021-05-16,12:11,,,"Keeping heroin 2,015 mg",Drug
80.624283,7.323781,Katugastota,Manikkumbura Market,2021-05-13,19:00,2021-05-16,12:45,"Breaking into a house and stealing property worth 10,200",Burglary
80.578864,7.319055,Werallagama,Ulladupitiya,2021-05-09,16:00,2021-05-18,13:30,"Breaking into a house and stealing property worth 320,000",Burglary
80.600787,7.303278,Halloluwa,Doolwala,2021-05-18,3:15,,,"Breaking into a house and stealing property worth 10,000",Burglary
80.564739,7.335182,Aladeniya,Muruthalawa junction,2021-05-19,20:40,,,"Keeping heroin 2,120 mg",Drug
80.585494,7.328943,Nugawela,,2021-05-20,17:25,,,"Ripping out a gold necklace worth 35,000 LKR and fleeing on a motorbike",Robbery
80.600787,7.303278,Halloluwa,Jayanthi Road,2021-05-20,17:45,,,"Ripping out a gold necklace worth 41,000 LKR and fleeing on a motorbike",Robbery
80.622308,7.341378,Kalugalawaththa,Muruthalawa Road,2021-05-20,20:15,2021-05-21,15:45,Breaking into a house and stealing property,Burglary
80.600787,7.303278,Halloluwa,Dodamwala Bridge,2021-05-20,16:45,,,"Ripping out a gold necklace worth 40,000 LKR and fleeing on a motorbike",Robbery
80.60994,7.334379,Uduwawala,,2021-05-27,19:00,2021-05-28,8:00,"Breaking into a house and stealing property worth 18,000",Burglary
80.622308,7.341378,Kalugalawaththa,,2021-05-25,8:00,2021-05-30,17:00,"Breaking into a house and stealing property worth 70,000",Burglary
80.585494,7.328943,Nugawela,Alankulama spices,2021-06-01,19:00,2021-06-02,17:00,"Breaking into a house and stealing property worth 10,500",Burglary
80.624283,7.323781,Katugastota,,2021-06-02,12:15,,,"Keeping heroin 4,218 mg",Drug
80.619722,7.314906,Ugurassapitiya,,2021-05-15,,2021-06-02,18:30,"Breaking into a house and stealing property worth 24,000",Burglary
80.585494,7.328943,Thiththapajjala,Lago stores,2021-06-03,20:24,2021-06-04,6:30,"Breaking into a house and stealing 5,000 and dry food worth 31,875",Burglary
80.638029,7.34366,Udathalawinna,,2021-06-03,23:30,2021-06-04,6:30,"Breaking into a house and stealing property worth 47,500",Burglary
80.628854,7.328358,Kahalla,,2021-06-05,21:10,,,"Keeping heroin 2,450 mg",Drug
80.640351,7.331616,Jambugahapitiya,Mandandawela,2021-06-05,16:30,,,Attacking with a club,Assault
80.624283,7.323781,Katugastota,,2021-06-04,17:30,2021-06-05,17:30,"Breaking into a house and stealing dry food worth 14,565",Burglary
80.60994,7.334379,Ranawana,,2021-06-01,10:30,2021-06-06,9:00,"Breaking into a house and stealing property worth 34,000",Burglary
80.638029,7.34366,Udathalawinna,Rathnajothi college,2021-05-20,14:30,2021-06-07,8:30,"Breaking into a house and stealing property worth 4,000",Burglary
80.640351,7.331616,Jambugahapitiya,Mandandawela,2021-05-06,12:15,,,Cutting with a knife,Assault
80.600787,7.303278,Halloluwa,Doolwala,2021-06-09,2:00,,,Breaking into a house,Burglary
80.61142,7.321026,Senarathgama,,2020-01-02,,,,"Breaking trust with a fake check worth 560,000",Fraud
80.622308,7.341378,Kalugalawaththa,,2021-06-10,16:15,,,"Keeping heroin 4,370 mg",Drug
80.615696,7.353901,Ambatenna,,2021-05-13,18:05,2021-06-10,21:00,"Breaking into a house and stealing property worth 45,000",Burglary
80.60994,7.334379,Ranawana,,2021-05-05,11:00,2021-06-11,7:30,"Breaking into a house and stealing property worth 19,400",Burglary
80.615696,7.353901,Bokalawela,,2021-06-12,14:35,,,"Keeping heroin 2,270 mg",Drug
80.632454,7.329192,Nawayalathenna,Station Road Motor Cool Service,2021-06-12,12:30,,,Trespassing and stealing lubricant oil,Theft
80.585494,7.328943,Thiththapajjala,Werallagama,2021-06-11,16:00,2021-06-13,9:30,"""Breaking into a house and stealing property worth 20,000",Burglary
80.578864,7.319055,Werallagama,Ruwanpura,2021-06-13,14:40,,,"Keeping heroin 4,475 mg",Drug
80.632454,7.329192,Nawayalathenna,"Station Road, thuththiriya",2021-06-02,,2021-06-08,,Breaking into a house and stealing property,Burglary
80.636703,7.322436,Mawilmada,Bomaluwa Road,2021-06-14,23:30,,,Cutting husband with a knife by wife,Assault
80.622308,7.341378,Ambatenna,Near Mag City,2021-06-16,17:35,,,"Keeping heroin 2,100 mg",Drug
80.622308,7.341378,Megodagama,,2021-05-30,,2021-06-06,,"Breaking into a house and stealing property worth 221,000",Burglary
80.612965,7.304321,Hamangoda,Nugegoda Walawwa,2021-06-18,17:45,,,"Keeping heroin 4,320 mg",Drug
80.564739,7.335182,Hedeniya,Near Fuel Station,2021-06-18,20:45,,,"Keeping heroin 4,350 mg",Drug
80.625742,7.325952,Katugastota,Bank of ceylon,2021-06-18,20:50,,,"Keeping heroin 2,100 mg",Drug
80.622308,7.341378,Ambatenna,Near Mag City,2021-06-19,11:00,,,Keeping heroin 2 g 700 mg,Drug
80.62368,7.321494,Katugastota,Inigala ,2021-06-10,,2021-06-19,,Breaking into a house and stealing property,Burglary
80.628027,7.320642,Wattaranthenna,,2021-06-20,12:00,2021-06-21,9:00,Breaking into a house and stealing dry food,Burglary
80.578864,7.319055,Werallagama,Barigama,2021-06-21,19:00,,,Cutting with a knife,Assault
80.617118,7.323072,Yatiwawala,Atamurungagoda Road,2021-06-21,22:00,,,Cutting with a sword,Assault
80.578864,7.319055,Werallagama,Ulladupitiya Rock,2021-06-24,16:45,,,"Keeping heroin 2,200 mg",Drug
80.633779,7.315139,Nittawela,,2021-06-27,16:50,,,Grabbing a handbag with property worth 25K,Theft
80.619722,7.314906,Gohagoda,1st mile post,2021-06-30,12:30,,,"Keeping heroin 2,100 mg",Drug
80.600787,7.303278,Yatihalagala,Mahathenna,2021-06-26,10:00,2021-06-30,15:15,"Breaking into a house and stealing property worth 48,000",Burglary
80.628854,7.328358,Kahalla,Kukulakumbura,2021-07-03,16:15,,,Keeping heroin 2 g 400 mg,Drug
80.628854,7.328358,Kahalla,Kukulakumbura,2021-07-03,22:00,,,Keeping heroin 2 g 200 mg,Drug
80.633779,7.315139,Katugastota,Narangoda settlement,2021-07-03,16:00,,,Stabbing with a broken glass bottle,Assault
80.646653,7.325929,Polgolla,Uyanwaththa,2021-07-05,0:00,,,Breaking into a house and attempting to murder by pressing a pillow against the face and strangling,AttemptedMurder
80.633779,7.315139,Katugastota,Kandy Road,2021-06-17,8:30,2021-06-17,15:30,"Breaking into a house and stealing documents (marriage certificate, husband's death certificate)",Burglary
80.600787,7.303278,Yatihalagala,Ulladupitiya ,2021-07-08,16:20,,,Keeping heroin 4 g 750 mg,Drug
80.619722,7.314906,Gohagoda,1st mile post,2021-07-11,21:40,,,Cutting with a knife and damaging a Prius,Vandalism
80.628027,7.320642,Katugastota,Siyambalagasthenna,2021-06-13,16:00,2021-07-11,,"Breaking into a house and stealing property worth 6,550",Burglary
80.612965,7.304321,Gohagoda,,2021-07-14,17:30,2021-07-15,8:15,"Breaking into a house and stealing property worth 34,000",Burglary
80.615696,7.353901,Ambatenna,Sanjeewa Motors,2021-07-15,11:00,,,"Breaking into a house and stealing property worth 46,000",Burglary
80.60994,7.334379,Uduwawala,,2021-07-16,7:40,,,Pickpocketing and stealing 93K,Theft
80.578864,7.319055,Werallagama,,2021-07-17,7:35,,,"Keeping heroin 4,020 mg",Drug
80.624283,7.323781,Katugastota,,2021-07-17,19:50,,,"Keeping heroin 2,200 mg",Drug
80.60994,7.334379,Akkara 5,,2021-07-18,8:10,,,"Keeping heroin 5,200 mg",Drug
80.564739,7.335182,Hedeniya,Werallagama,2021-07-18,16:00,,,Beating up and stabbing with a broken glass bottle,Assault
80.61142,7.321026,Senarathgama,,2021-07-22,14:45,,,"Keeping heroin 2,100 mg",Drug
80.61142,7.321026,Senarathgama,,2021-07-22,15:15,,,"Keeping heroin 2,100 mg",Drug
80.625742,7.325952,Katugastota,Madawala Road,2021-07-23,17:15,,,Burning down father's house,Arson
80.61142,7.321026,Senarathgama,,2021-07-13,15:00,2021-07-23,15:00,"Breaking into a house and stealing property worth 6,000",Burglary
80.600787,7.303278,Yatihalagala,Ulladupitiya ,2021-07-24,19:30,,,"Keeping heroin 2,100 mg and ice 28,015 mg",Drug
80.564739,7.335182,Aladeniya,Fuel Station,2021-07-25,14:00,,,"Keeping heroin 2,400 mg",Drug
80.602024,7.324071,Kulugammana,Malgammana,2021-07-23,15:30,,,Keeping heroin 6 g 400 mg,Drug
80.628027,7.320642,Wattaranthenna,,2021-07-28,20:00,2021-07-29,7:00,"Breaking into a house and stealing property worth 98,000",Burglary
80.622308,7.341378,Kalugalawaththa,,2021-07-29,19:45,,,"Keeping heroin 2,210 mg",Drug
80.636703,7.322436,Mawilmada,Nagaha ella,2021-07-30,20:00,2021-07-29,7:00,"Breaking into a house and stealing property worth 44,500",Burglary
80.624283,7.323781,Katugastota,,2021-07-31,14:25,,,"Keeping heroin 3,250 mg",Drug
80.628854,7.328358,Kahalla,,2021-07-31,22:45,,,"Keeping heroin 4,910 mg",Drug
80.602024,7.324071,Kulugammana,,2021-07-30,21:45,,,Attempted murder by stabbing multiple times with a spike,AttemptedMurder
80.58613,7.267,Polgasdeniya,,2021-08-01,22:00,2021-08-02,8:00,"Breaking into a house and stealing property worth 41,000",Burglary
80.632454,7.329192,Nawayalathenna,Ground,2021-08-02,13:45,,,"Keeping heroin 2,150 mg",Drug
80.578864,7.319055,Werallagama,Wigunumpola,2021-08-02,18:30,,,"Breaking into a house and stealing property worth 33,000",Burglary
80.625742,7.325952,Katugastota,Madawala Road,2021-08-04,18:00,2021-08-05,8:00,"Breaking into a shop and stealing property worth 46,000",Burglary
80.61142,7.321026,Senarathgama,,2021-08-07,15:20,,,Breaking into a house,Burglary
80.60994,7.334379,Ranawana,,2020-03-04,10:00,,,Assaulti to the head with a hammer and causing critical wounds,Assault
80.619722,7.314906,Ugurassapitiya,,2021-08-09,12:00,,,"Keeping heroin 2,150 mg",Drug
80.619722,7.314906,Gohagoda,Thekkawaththa,2021-08-13,15:00,,,"Stealing 52,750 from a parked three-wheeler",Theft
80.615696,7.353901,Ambatenna,,2021-08-14,20:00,2021-08-15,7:15,"Breaking into a house and stealing property worth 40,000",Burglary
80.62368,7.321494,Katugastota,Polwaththa,2021-08-16,20:00,2021-08-17,6:30,"Breaking into a house and stealing property worth 49,000",Burglary
80.622308,7.341378,Megodagama,,2020-10-18,18:30,,,Critical wounding with a club,Assault
80.622308,7.341378,Megodagama,,2021-08-30,20:55,,,"Keeping heroin 5,600 mg",Drug
80.615696,7.353901,Ambatenna,Kudugala,2020-05-01,,2021-08-30,,"Breaking into a house and stealing property worth 2,986,000",Burglary
80.609581,7.296542,Pallemulla,,2021-09-01,17:45,,,"Keeping heroin 2,350 mg",Drug
80.602024,7.324071,Kulugammana,Jambukotuwa,2021-08-21,21:00,2021-09-02,9:00,"Trespassing onto land and stealing property worth 33,000",Theft
80.617118,7.323072,Yatiwawala,,2021-09-04,9:00,,,Cutting with a knife,Assault
80.600787,7.303278,Halloluwa,Warathenna,2021-09-03,17:30,2021-09-05,7:45,"Breaking into a house and stealing property worth 341,000""",Burglary
80.628027,7.320642,Katugastota,Bridge,2021-09-07,16:00,,,"Keeping heroin 2,400 mg",Drug
80.60994,7.334379,Ranawana,Rambukpota road,2021-09-05,21:00,2021-09-07,16:10,Breaking into a house and stealing a TV,Burglary
80.60994,7.334379,Ranawana,Near Janaraja School,2021-09-08,12:25,,,Keeping heroin 2 g 260 mg,Drug
80.600787,7.303278,Halloluwa,Pallegama,2021-09-09,11:00,,,"Ripping out a gold necklace worth 47,000 LKR from a 2-year-old child during a funeral",Theft
80.600787,7.303278,Halloluwa,Pallegama,2021-09-14,15:10,,,"Keeping heroin 2,590 mg",Drug
80.622308,7.341378,Megodagama,,2021-09-15,16:40,,,"Keeping heroin 2,700 mg",Drug
80.624283,7.323781,Katugastota,,2021-09-15,18:30,,,"Keeping heroin 2,900 mg",Drug
80.578864,7.319055,Werallagama,,2021-09-15,19:30,,,"Keeping heroin 2,300 mg",Drug
80.622308,7.341378,Megodagama,,2021-09-15,21:45,,,"Keeping heroin 2,100 mg",Drug
80.622308,7.341378,Megodagama,,2021-09-17,14:00,,,"Keeping heroin 2,150 mg",Drug
80.622308,7.341378,Megodagama,,2021-09-18,21:45,,,"Keeping heroin 2,100 mg",Drug
80.615696,7.353901,Ambatenna,Bogaskotuwa,2021-09-19,8:00,2021-09-20,8:00,Beating up husband and setting fire to the house,Assault
80.60994,7.334379,Ranawana,Near Bodimaluwa,2021-09-20,13:00,,,"Keeping heroin 2,100 mg",Drug
80.628027,7.320642,Katugastota,Bridge,2021-09-20,13:45,,,"Keeping heroin 2,150 mg",Drug
80.628027,7.320642,Katugastota,Bridge,2021-09-20,14:00,,,"Keeping heroin 2,200 mg",Drug
80.578864,7.319055,Werallagama,Barigama,2021-09-21,15:00,,,"Keeping heroin 2,400 mg",Drug
80.564739,7.335182,Hedeniya,,2021-09-22,16:45,,,Ripping out a gold necklace worth 53 LKR and fleeing on a motorcycle,Theft
80.612965,7.304321,Gohagoda,,2021-09-23,9:30,2021-09-23,11:00,Assault to the head with a rock and cutting with a knife,Assault
80.60994,7.334379,Ranawana,Near Janaraja School,2021-09-24,18:30,,,"Keeping heroin 2,220 mg",Drug
80.60994,7.334379,Ranawana,Near Janaraja School,2021-09-24,19:05,,,"Keeping heroin 2,250 mg",Drug
80.638029,7.34366,Pallethalawinna,,2021-09-02,,2021-09-19,,"Breaking into a house and stealing a TV worth 47,000",Burglary
80.628027,7.320642,Katugastota,Kandy Road,2021-09-27,19:00,2021-09-28,5:15,"Breaking into a house and stealing property worth 35,110",Burglary
80.622308,7.341378,Megodagama,,2021-09-30,18:30,,,"Keeping heroin 2,410 mg",Drug
80.622308,7.341378,Megodagama,,2021-09-30,19:00,,,"Keeping heroin 2,800 mg",Drug
80.633779,7.315139,Pitakanda,Near Nittawela,2021-10-02,12:00,,,Abducting a 15-year-old girl,Abduction
80.636703,7.322436,Mawilmada,Aluthganthota Road,2021-10-04,3:10,,,Cutting with a knife,Assault
80.585494,7.328943,Nugawela,Uyanwaththa,2021-10-04,17:30,,,Cutting with a scythe,Assault
80.628854,7.328358,Kahalla,,2021-10-06,4:40,,,"Keeping heroin 2,670 mg",Drug
80.625742,7.325952,Katugastota,Hospital,2021-10-05,11:00,,,Stealing 200K worth of gold and 20K from a three-wheeler driver by administering a drug,Theft
80.585467,7.345114,Ulladupitiya,,2021-10-07,14:00,,,Keeping heroin 2100mg,Drug
80.638029,7.34366,Pallethalawinna,,2021-10-08,8:30,,,Keeping ganja 6kg 100g,Drug
80.634771,7.311697,Mahaiyawa,Jayaraththana cycle works,2021-10-09,20:30,2021-10-10,6:30,Breaking into a house and stealing property,Theft
80.61142,7.321026,Senarathgama,,2021-10-09,20:00,2021-10-10,7:00,"Breaking into a house and stealing property worth 48,925",Theft
80.612965,7.304321,Gohagoda,Gohagoda College,2021-10-10,18:30,,,Cutting with a knife,Assault
80.628854,7.328358,Kahalla,Abakotawaththa,2021-10-06,17:30,,,"Breaking into a house and stealing property worth 25,000",Theft
80.564739,7.335182,Aladeniya,Werallagama,2021-10-11,19:00,2021-10-12,8:00,"Trespassing on land and stealing 85,000 worth of property",Theft
80.602024,7.324071,Wathuwala,,2021-10-13,22:30,2021-10-14,7:00,"Breaking into a house and stealing property worth 40,000",Theft
80.60994,7.334379,Akkara 5,,2021-10-15,15:30,,,Keeping ice 104g 150mg,Drug
80.61142,7.321026,Senarathgama,,2021-10-17,22:10,,,Keeping heroin 2100mg,Drug
80.61142,7.321026,Senarathgama,,2021-10-17,22:10,,,Keeping heroin 2150mg,Drug
80.578864,7.319055,Werallagama,Jayasirigama,2021-10-17,22:00,,,Cutting with a sword and beating up with clubs,Assault
80.585494,7.328943,Nugawela,Batuambe,2021-10-20,14:35,,,Keeping heroin 2100mg,Drug
80.646653,7.325929,Polgolla,,2019-07-01,,,,"Breaking trust and taking 1,100,000 by claiming to enroll a child in a girls' high school",Fraud
80.624283,7.323781,Katugastota,,2021-10-24,9:50,,,Beating up and abducting a 28-year-old woman,Kidnapping
80.600787,7.303278,Halloluwa,,2021-10-26,21:40,,,Keeping heroin 2160mg,Drug
80.633779,7.315139,Katugastota,Nandana Motors,2021-10-25,20:30,2021-10-26,7:30,Stealing a parked motorcycle,Theft
80.612965,7.304321,Gohagoda,,2021-10-27,14:20,,,Keeping heroin 2180mg,Drug
80.612965,7.304321,Gohagoda,,2021-10-27,15:50,,,Keeping heroin 2150mg,Drug
80.61142,7.321026,Senarathgama,,2021-10-27,16:50,,,Keeping heroin 2150mg,Drug
80.564739,7.335182,Aladeniya,Jayawilal Childrens Ground,2021-10-27,6:30,2021-10-27,12:40,Stealing a parked three-wheeler,Theft
80.622308,7.341378,Megodagama,,2021-10-29,5:05,,,Keeping heroin 2750mg and ice 170mg,Drug
80.624283,7.323781,Katugastota,,2016-06-01,,,,"Breaking trust and taking 3,800,000 claiming for a car",Fraud
80.622308,7.341378,Kalugalawaththa,,2021-10-31,13:45,,,Keeping heroin 2620mg,Drug
80.578864,7.319055,Werallagama,Nawakuruduwaththa,2021-11-04,13:30,2021-11-04,16:13,Breaking into a house,Theft
80.585494,7.328943,Barigama,,2021-11-04,19:30,2021-11-05,6:30,"Breaking into a house and stealing property worth 81,920",Theft
80.62368,7.321494,Katugastota,Inigala,2021-11-04,21:00,2021-11-05,8:30,"Stealing a parked three-wheeler worth 600,000",Theft
80.564739,7.335182,Hedeniya,,2021-11-10,14:00,,,Keeping heroin 2100mg,Drug
80.622308,7.341378,Katugastota,Molagodayawaththa,2021-11-10,21:00,,,Cutting with a knife,Assault
80.60994,7.334379,Uduwawala,,2021-11-12,12:05,,,"Breaking into a house and stealing property worth 264,190",Theft
80.585494,7.328943,Nugawela,,2021-11-13,17:20,,,"Taking a mobile phone worth 30,000 by force for recording a car accident",Theft
80.585494,7.328943,Nugawela,,2021-11-13,10:30,2021-11-13,16:30,"Stealing a parked three-wheeler worth 370,000",Theft
80.632454,7.329192,Nawayalathenna,Pathadumbara Tech,2021-11-14,17:00,2021-11-15,10:10,Breaking into a house,Burglary
80.61142,7.321026,Senarathgama,,2021-11-16,18:55,,,Keeping heroin 2540mg,Drug
80.628027,7.320642,Katugastota,Siyambalagasthenna,2021-11-16,20:30,,,Cutting with a knife done by a land trespasser,Assault
80.636703,7.322436,Mawilmada,Paranaganthota,2021-10-01,,2021-11-07,8:00,Breaking into a house and damaging property,Burglary
80.622308,7.341378,Kalugalawaththa,,2021-11-20,10:45,,,Keeping heroin 2650mg and threatening a government servant,Drug
80.564739,7.335182,Hedeniya,Bus Station,2021-11-19,20:30,,,Stealing a parked motorcycle,Theft
80.600787,7.303278,Halloluwa,Pallegama,2021-11-20,21:00,2021-11-21,10:00,"Stealing a battery worth 35,000 out of a parked lorry",Theft
80.612965,7.304321,Gohagoda,,2021-08-20,,,,"Breaking trust with a fake check worth 2,000,000",Fraud
80.564739,7.335182,Aladeniya,Werallagama,2021-11-26,16:30,,,"Beating up and stealing 30,000 out of a drawer",Theft
80.602024,7.324071,Kulugammana,Dabahogama,2021-10-25,,2021-11-24,,"Stealing 265,000 worth of gold by the housemaid",Theft
80.62368,7.321494,Katugastota,Infront of Sigiri Hall,2021-11-26,19:00,,,"Beating up and stealing property worth 43,500",Assault
80.600787,7.303278,Yatihalagala,Seewalikanda,2021-11-22,15:00,2021-11-26,13:00,"Breaking into a house and stealing property worth 2,000",Burglary
80.640351,7.331616,Jambugahapitiya,Girakaduwa,2021-11-24,17:30,2021-11-25,8:45,"Breaking into a house and stealing property worth 39,900",Burglary
80.585467,7.345114,Ulladupitiya,Tikiri Walawwa,2021-11-27,17:15,,,Keeping heroin 2670mg and ice 100mg,Drug
80.600787,7.303278,Yatihalagala,,2021-11-27,22:30,2021-11-28,6:30,"Breaking into a house and stealing property worth 15,000,000",Burglary
80.602024,7.324071,Wathuwala,Nikathenna,2021-11-25,14:00,,,"Breaking into a house and stealing property worth 121,000",Burglary
80.628027,7.320642,Wattaranthenna,,2021-03-21,21:10,,,Biting out a person's right arm and left leg,Assault
80.60994,7.334379,Akkara 5,,2021-12-08,20:00,,,Cutting with a hand axe,Assault
80.625742,7.325952,Katugastota,Madawala Road,2021-12-09,22:45,2021-12-10,6:05,"Breaking into a house and stealing property worth 357,150",Burglary
80.564739,7.335182,Hedeniya,Machan Bar,2021-12-14,12:30,,,Beating up with a bottle and cutting with a blade,Assault
80.633779,7.315139,Mawilmada,Railway Station,2021-12-16,11:30,,,"Ripping out a gold necklace worth 150,000",Theft
80.640351,7.331616,Jambugahapitiya,Moonamale,2021-12-17,18:40,,,Cutting with a knife,Assault
80.585494,7.328943,Nugawela,Hiriyalgammana,2021-12-18,15:30,,,Keeping heroin 2120mg,Drug
80.585467,7.345114,Gonigoda,Madawala ,2021-12-18,5:00,,,"Entering a house and stealing 43,500 and an imitation necklace worth 400",Burglary
80.615696,7.353901,Ambatenna,5th mile post,2021-12-13,14:00,2021-12-14,11:00,"Stealing a battery worth 35,000 out of a parked lorry",Theft
80.640351,7.331616,Jambugahapitiya,,2021-12-22,0:30,,,Setting fire to a shop,Arson
80.585494,7.328943,Nugawela,Wadugalla walawwa,2021-12-24,10:30,2021-12-24,17:30,"Breaking into a house and stealing property worth 352,000",Burglary
80.612965,7.304321,Hamangoda,,2021-12-25,19:30,,,Cutting with a knife and damaging a three-wheeler,Assault
80.646653,7.325929,Polgolla,Podi Ambalama viduhalal,2021-12-23,12:00,2021-12-26,11:00,"Breaking into a house and stealing property worth 180,000",Burglary
80.646653,7.325929,Polgolla,,2021-12-22,18:10,,,Keeping heroin 2400mg,Drug
80.625742,7.325952,Katugastota,Sampath Bank,2022-01-04,19:00,,,Cutting with a paper cutter,Assault
80.646653,7.325929,Polgolla,Doragamuwa Junction,2022-01-22,14:05,,,"Keeping heroin 5,100mg",Drug
80.615696,7.353901,Ambatenna,UdaBokalawela,2021-12-25,,2022-01-09,,Breaking into a house and stealing gold,Burglary
80.600787,7.303278,Halloluwa,Bogahakanda,2022-01-25,13:40,,,"Breaking into a house and stealing 80,000 LKR",Burglary
80.612965,7.304321,Hamangoda,,2022-01-30,14:35,,,Murder with a chainsaw by cutting thighs over a land dispute,Murder
80.632454,7.329192,Nawayalathenna,Rail Gate,2022-02-02,15:00,,,"Keeping heroin 5,600mg",Drug
80.600787,7.303278,Halloluwa,Paranawaththa,2022-02-06,22:10,,,Stabbing and wounding after a verbal fight,Assault
80.600787,7.303278,Halloluwa,Galagedara Patumaga,2022-02-08,14:30,,,"Ripping out a gold necklace worth 90,000 LKR and fleeing on a motorbike",Theft
80.602024,7.324071,Wathuwala,4th mile post,2022-02-19,20:30,,,Keeping heroin 7g 800mg,Drug
80.600787,7.303278,Halloluwa,Bogahakanda,2022-02-20,16:10,,,"Ripping out a gold necklace worth 70,000 LKR and fleeing on a motorbike",Theft
80.628854,7.328358,Kahalla,,2022-02-21,19:15,,,"Keeping heroin 8,400mg",Drug
80.602024,7.324071,Wathuwala,4th mile post,2022-02-07,16:30,,,Stealing a green three-wheeler,Theft
80.622308,7.341378,Kalugalawaththa,,2022-02-28,16:05,,,"Keeping heroin 9,150mg",Drug
80.646653,7.325929,Polgolla,Doragamuwa Junction,2022-03-01,16:30,,,Stealing a scooter,Theft
80.622308,7.341378,Molagodayawatta,,2021-06-01,,,,Restricting and raping 13 year old girl,Rape
80.628854,7.328358,Kahalla,,2022-03-09,18:30,,,Abduction & raping a 15year old girl,Rape
80.636703,7.322436,Mawilmada,2nd Patumaga,2022-03-15,5:45,,,Breaking in to a house and stealing gold worth of 353000 at night,Burglary
80.624283,7.323781,Katugastota,Manikkumbura market,2022-03-24,7:10,,,"Burning down a house, murdering two people, wounding a woman, and fleeing over a relationship problem",Murder
80.602024,7.324071,Wathuwala,4th mile post,2022-03-24,19:20,,,"Ripping out a gold necklace worth 90,000 LKR",Theft
80.622308,7.341378,Kalugalawaththa,,2022-03-27,20:00,,,Abduction of a 12-year-old girl over a relationship problem,Kidnapping
80.600787,7.303278,Halloluwa,,2022-03-26,20:45,,,"Giving fake checks for a 2,027,000 LKR deal",Fraud
80.636703,7.322436,Mawilmada,Paranaganthota,2022-03-28,5:00,,,Breaking into a house and stealing property,Burglary
80.646653,7.325929,Polgolla,Doragamuwa Junction,2022-04-02,6:30,,,"Breaking into a house and stealing gold worth 458,500 during the daytime",Burglary
80.615696,7.353901,Bokalawela,Pallebokalawela,2022-04-11,11:30,,,"Disturbing a police officer, causing physical harm, and breaking public property",Assault
80.62368,7.321494,Katugastota,Inigala,2022-04-14,14:00,,,Cutting with a paper cutter,Assault
80.628854,7.328358,Kahalla,Kukulkumbura Grounds,2022-04-15,20:30,,,"Wounding and stealing 70,000 LKR",Assault
80.633779,7.315139,Nittawela,,2022-04-19,4:10,,,"Showing a knife and stealing property worth 72,000",Robbery
80.600787,7.303278,Warathenna,,2022-04-19,3:30,,,"Ripping out a gold necklace worth 95,000 LKR",Theft
80.619722,7.314906,Gohagoda,Thekkawaththa,2022-04-16,22:00,,,"Breaking into a house and stealing property worth 34,100 during the daytime",Burglary
80.602024,7.324071,Wathuwala,,2022-04-20,17:00,,,"Breaking into land and stealing betel nut worth 70,000 LKR",Burglary
80.602024,7.324071,Wathuwala,Endaruthenna,2022-04-21,14:10,,,"Keeping heroin 10,600mg",Drug
80.636703,7.322436,Mawilmada,,2022-04-22,13:50,,,"Keeping heroin 5,450mg",Drug
80.612965,7.304321,Gohagoda,,2022-04-22,15:00,,,"Keeping heroin 9,200mg",Drug
80.612965,7.304321,Gohagoda,,2022-04-22,15:10,,,"Keeping heroin 5,800mg",Drug
80.622308,7.341378,Kalugalawaththa,,2022-04-23,8:10,,,"Breaking into a house, stealing gold and money worth 83,900 LKR",Burglary
80.600787,7.303278,Halloluwa,Janaraja Road,2022-04-23,18:30,,,"Breaking into a house and stealing property worth 10,400 LKR",Burglary
80.61142,7.321026,Kondadeniya,,2022-04-25,11:20,,,"Breaking into a house and stealing property worth 250,000 LKR",Burglary
80.585494,7.328943,Nugawela,,2022-04-27,19:00,,,"Stealing a green three-wheeler worth 440,000 LKR",Theft
80.615696,7.353901,Ambatenna,Kalugala Junction,2022-05-02,16:30,,,"Breaking into a house and stealing property worth 99,000 LKR",Burglary
80.615696,7.353901,Ambatenna,,2022-05-08,19:40,,,"Breaking into a house and stealing property worth 36,200 LKR",Burglary
80.615696,7.353901,Ambatenna,,2022-05-08,18:00,,,"Breaking into a house and stealing property worth 220,000 LKR",Burglary
80.615696,7.353901,Ambatenna,,2022-04-05,18:01,,,Breaking into a warehouse and stealing property,Burglary
80.585494,7.328943,Nugawela,,2022-05-27,18:30,,,"Breaking into a house and stealing property worth 29,440 LKR",Burglary
80.615696,7.353901,Ambatenna,Hapugoda,2022-05-22,1:00,,,"Breaking into a house, issuing death threats, and stealing property worth 150,000 LKR",Burglary
80.585494,7.328943,Nugawela,,2022-05-27,17:00,,,"Breaking into a house and stealing property worth 48,000 LKR",Burglary
80.62368,7.321494,Katugastota,Water Board,2022-05-18,5:00,,,"Breaking into the waterworks and stealing diesel worth 717,200 LKR",Burglary
80.62368,7.321494,Katugastota,Isiwara Ayurveda,2022-05-30,22:30,,,"Breaking in, harming two people, and damaging property worth 342,500 LKR",Burglary
80.622308,7.341378,Katugastota,Mahasen College,2022-06-03,,,,"Breaking into a house and stealing property worth 20,750 LKR",Burglary
80.638029,7.34366,Udathalawinna,,2022-06-05,17:00,,,"Breaking into a house and stealing property worth 96,000 LKR",Burglary
80.60994,7.334379,Ranawana,,2022-06-09,7:00,,,"Breaking into a house and stealing property worth 58,280 LKR",Burglary
80.622308,7.341378,Kalugalawaththa,,2022-06-09,7:00,,,"Stealing batteries worth 50,000 out of a lorry",Theft
80.612965,7.304321,Gohagoda,,2022-04-18,11:00,,,Raping a 15yr old girl,Rape
80.622308,7.341378,Molagodayawatta,,2022-06-08,17:30,,,"Breaking into a house, stealing property",Burglary
80.617118,7.323072,Yatiwawala,,2022-06-14,23:00,,,"Stealing a motorbike worth 60,000 LKR",Theft
80.625742,7.325952,Katugastota,Makuldeniya Hotel,2022-06-23,18:35,,,"Keeping ice worth 10g 300mg, Kerala ganja 1450mg, and Manchester cigarette packs. Smuggling and keeping a fake ID",Drug
80.62368,7.321494,Katugastota,Sigiri Cinema Hall,2022-06-29,19:00,,,Wounding with a broken glass bottle,Assault
80.602024,7.324071,Wathuwala,,2022-07-04,18:30,2022-07-04,18:00,"Breaking into a house, stealing property worth 600,000 LKR",Burglary
80.609581,7.296542,Gohagoda,Udumulla Road,2022-07-06,18:00,2022-07-06,18:00,"Breaking into a house, stealing property worth 85,000 LKR",Burglary
80.633779,7.315139,Katugastota,Lady McCallum,2022-06-21,,,,"Stealing property worth 481,000 LKR by a family member",Theft
80.600787,7.303278,Halloluwa,Ranawiru mawatha,2022-07-18,10:00,,,Abduction & raping a 14year old girl for a relationship problem,Rape
80.636703,7.322436,Mawilmada,Bomaluwa road,2022-07-19,16:30,,,"Breaking into a house, stealing property worth 8,830 LKR",Burglary
80.600787,7.303278,Halloluwa,Gantotathenna,2022-07-21,20:00,,,"Breaking into a house, stealing property worth 402,250 LKR",Burglary
80.640351,7.331616,Jambugahapitiya,Mandandawela,2022-07-23,19:00,,,Stabbing with a knife,Assault
80.609581,7.296542,Katugastota,Polgasdeniya,2022-07-22,19:30,,,"Breaking into a house, stealing property worth 70,000 LKR",Burglary
80.615696,7.353901,Ambatenna,,2022-07-23,17:00,2022-07-25,11:00,"Breaking into a building, stealing property worth 391,000 LKR",Burglary
80.61142,7.321026,Kondadeniya,,2022-07-26,12:00,2022-07-26,20:00,"Breaking into a house, stealing property worth 79,000 LKR",Burglary
80.60994,7.334379,Ranawana,Samagi Road,2022-07-22,23:00,2022-07-23,2:30,"Breaking into a house, stealing property worth 30,000 LKR",Burglary
80.628027,7.320642,Katugastota,Weerakoon Gardens,2022-07-03,8:30,2022-08-02,15:30,"Breaking into a house, stealing property worth 97,000 LKR",Burglary
80.585467,7.345114,Rajapihilla ,Pattiyawatta,2022-08-06,6:00,2022-08-06,8:00,Raping a 13year old girl for a relationship problem,Rape
80.615696,7.353901,Ambatenna,Kudugala,2022-08-05,17:30,2022-08-06,9:00,"Breaking into a house, stealing property worth 39,800 LKR",Burglary
80.625742,7.325952,Katugastota,Sampath Bank,2022-08-07,12:30,,,"Keeping heroin 5,700 mg",Drug
80.622308,7.341378,Molagodayawatta,,2022-08-07,12:10,,,"Keeping heroin 5,800 mg",Drug
80.625742,7.325952,Katugastota,Madawala Road,2022-08-04,23:30,,,"Breaking into a house, stealing property worth 5,200 LKR",Burglary
80.633779,7.315139,Pitakanda,Near Nittawela,2022-08-09,10:00,2022-08-09,15:30,Breaking into a house,Burglary
80.615696,7.353901,Ambatenna,,2022-08-09,22:00,,,Stabbing with a knife,Assault
80.624283,7.323781,Katugastota,Near Mosque,2022-08-12,20:30,2022-08-13,4:50,"Stealing a three-wheeler worth 550,000 LKR",Theft
80.600787,7.303278,Halloluwa,Bogahakanda,2022-08-13,19:40,2022-08-14,10:00,"Breaking into a house, stealing property worth 420,000 LKR",Burglary
80.619722,7.314906,Ugurassapitiya,Katugastota,2022-08-16,10:30,2022-08-16,12:30,"Breaking into a house, committing murder, and stealing property worth 325,000 LKR",Murder
80.615696,7.353901,Ambatenna,Kalugala Junction,2022-08-08,22:30,,,"Showing a knife and stealing property worth 55,000 LKR",Robbery
80.600787,7.303278,Halloluwa,2nd Mile Post,2022-08-13,18:00,2022-08-15,9:00,"Stealing diesel worth 47,000 LKR and a battery worth 38,000 LKR",Theft
80.624283,7.323781,Katugastota,Manikkumbura market,2022-08-20,1:00,,,Abducting 15 \yr old girl and rape,Rape
80.615696,7.353901,Ambatenna,Kalugala Junction,2022-08-23,12:30,,,"Keeping heroin 5,100 mg",Drug
80.632454,7.329192,Nawayalathenna,railway Station,2022-08-22,18:00,2022-08-24,11:30,"Stealing a commodity worth 80,000 LKR",Theft
80.628027,7.320642,Katugastota,Siyambalagasthenna,2022-08-24,12:30,2022-08-24,12:45,"Stealing a three-wheeler worth 350,000 LKR",Theft
80.60994,7.334379,Ranawana,,2022-04-17,19:35,,,"Breaking into a house, stealing property",Burglary
80.61142,7.321026,Senarathgama,,2022-08-30,14:05,,,Wounding by firewood,Assault
80.625742,7.325952,Katugastota,Near Education Office,2022-08-30,10:00,,,"Ripping out a gold necklace worth 90,000 LKR and fleeing on a license plate-less motorbike",Theft
80.628854,7.328358,Kahalla,,2022-08-01,14:00,2022-09-03,10:00,"Breaking into a house, stealing property worth 162,500 LKR",Burglary
80.636703,7.322436,Mawilmada,,2022-09-06,12:45,,,"Ripping out a gold necklace worth 85,000 LKR and fleeing on a motorbike",Theft
80.624283,7.323781,Katugastota,,2022-09-07,15:00,,,"Breaking into a house, stealing property worth 730,500 LKR",Burglary
80.619722,7.314906,Katugastota,Polwaththa,2022-09-08,14:30,,,"Breaking into a house, stealing property worth 98,000 LKR",Burglary
80.615696,7.353901,Ambatenna,,2022-09-06,10:30,,,"Stealing property worth 98,000 LKR",Theft
80.622308,7.341378,Molagodayawatta,,2022-09-12,7:30,20200-09-12,17:45,"Breaking into a house, stealing property worth 98,000 LKR",Burglary
80.615696,7.353901,Ambatenna,,2022-09-16,10:45,,,"Physical harm with a branch and fist, then stole 450,000 LKR worth of gold after having a verbal conflict",Robbery
80.61142,7.321026,Senarathgama,,2022-09-16,20:10,,,"Keeping heroin 5,760 mg",Drug
80.600787,7.303278,Halloluwa,Pallegama,2022-09-18,15:30,,,"Breaking into a house, stealing property worth 429,000 LKR",Burglary
80.617118,7.323072,Yatiwawala,,2022-09-28,17:05,,,"Breaking into a house, stealing property worth 622,000 LKR",Burglary
80.612965,7.304321,Gohagoda,Madapatha,2022-10-01,22:30,,,Stabbing with a knife,Assault
80.61142,7.321026,Senarathgama,,2022-09-27,,2022-10-01,,"Stealing an ATM card and buying items worth 115,523 LKR",Theft
80.624283,7.323781,Katugastota,,2022-10-06,17:30,,,Cutting with a knife,Assault
80.640351,7.331616,Jambugahapitiya,,2022-10-07,2:50,,,"Breaking into a house, stealing property worth 96,200 LKR",Burglary
80.625742,7.325952,Katugastota,Madawala Road,2022-10-06,22:30,2022-10-07,7:15,"Breaking into a house, stealing property worth 35,000 LKR",Burglary
80.612965,7.304321,Hamangoda,,2022-10-09,18:00,,,"Breaking into a house, stealing property worth 32,000 LKR",Burglary
80.625742,7.325952,Galawaththa,Katugastota,2022-10-17,19:35,,,"Showing a knife and stealing property worth 60,000 LKR",Robbery
80.61142,7.321026,Senarathgama,,2022-10-21,17:00,,,Breaking into a house,Burglary
80.622308,7.341378,Katugastota,Mahasen College,2022-10-25,14:45,2022-10-25,7:00,"Breaking into a house, stealing a grass cutter machine worth 10,000 LKR",Burglary
80.625742,7.325952,Katugastota,Ranawiru Junction,2022-10-27,18:10,,,"Stealing a broken-down Suzuki Wagon R worth 5,000,000 LKR by a person who tried to fix it",Theft
80.585494,7.328943,Nugawela,,2022-10-27,19:00,,,"Taking 793,800 LKR for a coconut oil deal by a different person and breaking trust",Fraud
80.619722,7.314906,Ugurassapitiya,,2022-10-24,23:30,2022-10-25,1:30,"Stealing a white female goat worth 120,000 LKR",Theft
80.612965,7.304321,Hamangoda,,2022-11-03,7:30,,,Abduction of a 15-year-old girl for a relationship problem,Abduction
80.612965,7.304321,Gohagoda,,2022-11-04,3:45,,,"Breaking into a house, threatening with a knife, and stealing property worth 622,000 LKR",Burglary
80.60994,7.334379,Uduwawala,Balagolla,2022-11-19,14:30,2022-11-20,17:00,"Breaking into a house, stealing property worth 332,000 LKR",Burglary
80.646653,7.325929,Polgolla,Doragamuwa,2022-11-12,5:10,,,Cutting with a knife,Assault
80.61142,7.321026,Senarathgama,Senarathgama College,2022-11-21,16:30,2022-11-22,6:35,"Breaking into a house, stealing property worth 17,000 LKR",Burglary
80.622308,7.341378,Kalugalawaththa,,2022-11-21,20:00,,,Cutting with a knife while trying to resolve a nearby conflict,Assault
80.632454,7.329192,Nawayalathenna,Pathige Road,2022-11-28,19:30,2022-11-29,8:30,"Stealing a motorbike worth 280,000 LKR",Theft
80.60994,7.334379,Uduwawala,Katugastota,2022-11-08,,2022-12-01,15:00,"Breaking into a house, stealing property worth 51,500 LKR",Burglary
80.633779,7.315139,Katugastota,Lady McCallum ,2022-10-22,9:00,2022-12-02,9:30,"Breaking into a house, stealing property worth 66,000 LKR",Burglary
80.585494,7.328943,Nugawela,,2022-11-26,6:50,2022-11-28,6:30,"Breaking into a house, stealing property worth 250,000 LKR",Burglary
80.624283,7.323781,Katugastota,,2022-12-04,17:45,,,"Keeping heroin 5,050 mg",Drug
80.632454,7.329192,Nawayalathenna,Pathige Road,2022-12-08,16:00,,,Abduction of a 12-year-old girl,Abduction
80.632454,7.329192,Nawayalathenna,Madawala Road,2022-12-12,17:45,2022-12-13,6:30,"Breaking into a house, stealing property worth 25,000 LKR",Burglary
80.624283,7.323781,Katugastota,,2022-12-14,11:30,,,"Stealing 18,000 LKR by giving death threats",Theft
80.624283,7.323781,Katugastota,,2022-12-14,16:30,2022-12-15,8:15,"Breaking into a house, stealing property worth 42,000 LKR",Burglary
80.612965,7.304321,Gohagoda,Gohagoda College,2022-12-15,17:00,,,"Keeping heroin 6,430 mg",Drug
80.612965,7.304321,Hamangoda,,2022-12-16,15:40,,,"Keeping heroin 6,560 mg",Drug
80.61142,7.321026,Kondadeniya,,2022-12-18,12:00,,,Abduction of a 13-year-old girl for a relationship problem,Abduction
80.600787,7.303278,Halloluwa,Gallidawaththa,2022-12-22,20:30,,,"Keeping heroin 20,100 mg",Drug
80.628854,7.328358,Kahalla,,2022-12-24,12:30,,,Abduction of a 15-year-old girl,Abduction
80.617118,7.323072,Yatiwawala,,2022-12-26,18:40,,,"Keeping heroin 5,150 mg",Drug
80.628854,7.328358,Kahalla,Dharmavijaya college,2022-12-29,19:30,,,"Keeping heroin 10,280 mg",Drug
80.625742,7.325952,Katugastota,Madawala Road,2022-12-22,19:45,,,The van taken by promising to return is not returned,Fraud
80.585494,7.328943,Nugawela,Ambulpura,2023-01-05,18:50,,,"Ripping out a gold necklace worth 45,000 LKR and fleeing by making a woman uncomfortable",Theft
80.617118,7.323072,Yatiwawala,Cemetery,2023-01-07,11:00,,,"Keeping heroin 13,500 mg",Drug
80.617118,7.323072,Yatiwawala,,2023-01-08,23:30,2023-02-09,4:00,"Breaking into a house and stealing property worth 347,000 LKR",Burglary
80.615696,7.353901,Kudugala,Fuel Station,2023-01-14,18:20,,,"Keeping heroin 25,130 mg",Drug
80.615696,7.353901,Ambatenna,Ajith Wine Stores,2023-01-15,17:35,,,"Keeping heroin 6,210 mg",Drug
80.640351,7.331616,Jambugahapitiya,Kandaliyadda,2023-01-16,7:30,2023-01-18,9:00,"Breaking into a house and stealing property worth 10,000 LKR",Burglary
80.622308,7.341378,Ambatenna,Near Mag City,2023-01-18,15:15,,,"Keeping heroin 5,125 mg",Drug
80.624283,7.323781,Katugastota,,2023-01-20,17:30,2023-01-21,8:30,"Breaking into a house and stealing property worth 35,000 LKR",Burglary
80.636703,7.322436,Mawilmada,Nagahaella Road,2023-01-28,22:00,2023-01-29,5:00,"Breaking into a house and stealing property worth 96,000 LKR",Burglary
80.636703,7.322436,Mawilmada,Paranaganthota Road,2023-01-30,17:15,,,"Ripping out a gold necklace worth 150,000 LKR and fleeing on a scooter",Theft
80.628854,7.328358,Kahalla,Wagollawaththa ,2023-01-28,,2023-02-01,,"Stealing money worth 82,500 LKR",Theft
80.633779,7.315139,Nittawela,,2023-02-11,7:30,2023-02-14,17:00,Breaking into a house and stealing property,Burglary
80.585494,7.328943,Nugawela,,2023-02-06,19:00,2023-02-07,5:00,Raping a 7yr old,Rape
80.600787,7.303278,Halloluwa,Janaraja Road,2023-02-20,8:15,2023-02-20,12:30,"Breaking into a house and stealing property worth 12,500 LKR",Burglary
80.615696,7.353901,Ambatenna,Ajith Wine Stores,2023-02-21,16:50,,,Physical harm by a sword,Assault
80.636703,7.322436,Mawilmada,,2023-02-22,7:00,2023-02-24,3:16,"Breaking into a house and stealing property worth 15,100 LKR",Burglary
80.640351,7.331616,Jambugahapitiya,Girakaduwa,2023-03-01,10:15,2023-03-02,2:15,Burning down a CheriQQ car,Arson
80.585494,7.328943,Nugawela,,2023-03-02,7:45,2023-03-02,22:45,Stealing a three-wheeler,Theft
80.617118,7.323072,Yatiwawala,Fuel Station,2023-03-04,17:20,,,"Keeping heroin 5,130 mg",Drug
80.624283,7.323781,Katugastota,SmartWay Enterprises,2023-03-08,17:00,2023-03-09,7:45,Breaking into a house,Burglary
80.62368,7.321494,Katugastota,Central Hardware,2023-03-10,18:00,2023-03-11,9:00,"Breaking into a house and stealing property worth 3,800,000 LKR",Burglary
80.585494,7.328943,Nugawela,,2023-03-10,,2023-03-11,6:20,"Breaking into a house and stealing property worth 4,400 LKR",Burglary
80.585494,7.328943,Nugawela,,2023-03-09,16:00,2023-03-11,9:00,"Breaking into a house and stealing property worth 25,000 LKR",Burglary
80.62368,7.321494,Katugastota,Water Board,2023-03-18,9:45,,,"Damaging property and stealing 246,636 LKR worth of property",Theft
80.617118,7.323072,Yatiwawala,,2023-03-20,10:00,,,"Breaking into a house and stealing property worth 80,000 LKR",Burglary
80.602024,7.324071,Wathuwala,Nikathenna,2023-03-21,10:00,,,"Ripping out a gold necklace worth 190,000 LKR and fleeing on a motorbike",Theft
80.622308,7.341378,Egodagama,,2023-03-21,17:30,2023-03-22,12:00,"Stealing a water motor worth 115,000 LKR",Theft
80.633779,7.315139,Katugastota,Near Nittawela Kandy Medical,2023-03-24,18:30,2023-03-24,18:55,"Stealing a three-wheeler worth 700,000 LKR",Theft
80.615696,7.353901,Ambatenna,Aluminum lorry body workshop,2023-03-27,12:00,,,"Stealing a lorry battery worth 110,000 LKR",Theft
80.622308,7.341378,Egodagama,,2023-01-06,,2023-01-23,,"Breaking into a house and stealing property worth 180,000 LKR",Burglary
80.600787,7.303278,Halloluwa,Ranawiru Road,2023-04-07,22:30,2023-04-08,4:00,"Breaking into a house and stealing property worth 90,000 LKR",Burglary
80.640351,7.331616,Jambugahapitiya,,2023-04-11,12:25,,,"Ripping out a gold necklace worth 205,000 LKR and fleeing on a motorbike",Theft
80.628854,7.328358,Kahalla,,2022-05-29,20:22,2022-06-03,14:00,Abduction and raping a 15 year old girl,Rape
80.628027,7.320642,Katugastota,Kuda Rathwaththe mawatha,2023-04-15,19:15,2023-04-15,23:00,"Breaking into a house and stealing property worth 25,000 LKR",Burglary
80.615696,7.353901,Ambatenna,,2023-04-16,15:05,,,"Ripping out a gold necklace worth 140,000 LKR",Theft
80.602024,7.324071,Wathuwala,,2023-04-17,10:00,,,"Burning a house and damaging property worth 20,000 LKR",Arson
80.600787,7.303278,Halloluwa,Kumburegedara,2023-04-16,10:00,2023-04-17,15:00,"Breaking into a house and stealing property worth 75,000 LKR",Burglary
80.625742,7.325952,Katugastota,Threesinhalaramaya,2023-04-18,13:30,2023-04-18,14:10,"Stealing a bike worth 200,000 LKR",Theft
80.633779,7.315139,Nittawela,,2023-04-14,10:00,2023-04-22,8:30,"Breaking into a house and stealing property worth 88,000 LKR",Burglary
80.625742,7.325952,Katugastota,Sanasa Bank,2023-01-01,,,,"Breaking trust and misusing 25,000 LKR",Fraud
80.600787,7.303278,Halloluwa,,2021-11-01,,2023-04-11,,"Taking 3,200,000 LKR by threatening with nude photos",Extortion
80.600787,7.303278,Uggalla,,2023-02-08,14:30,,,Raping a 13yr old,Rape
80.622308,7.341378,Kalugalawaththa,,2023-05-03,14:30,2023-05-04,7:00,"Breaking into a house and stealing property worth 4,000 LKR",Burglary
80.615696,7.353901,Bokalawela,,2023-04-11,11:00,,,Throwing chili powder at face and causing physical damage with a scythe,Assault
80.624283,7.323781,Katugastota,,2023-05-06,22:25,,,"Keeping heroin 5,330 mg",Drug
80.640351,7.331616,Katugastota,Balanagala,2023-05-07,19:00,2023-05-08,4:00,"Stealing a three-wheeler worth 500,000 LKR",Theft
80.625742,7.325952,Katugastota,Sanasa Bank,2023-01-01,,,,"Breaking trust and misusing 735,000 LKR",Fraud
80.636703,7.322436,Mawilmada,First Lane,2023-05-10,10:45,2023-05-10,19:00,"Breaking into a house and stealing property worth 130,000 LKR",Burglary
80.628027,7.320642,Katugastota,bridge,2023-05-18,12:00,,,"Stealing a three-wheeler worth 500,000 LKR",Theft
80.640351,7.331616,Jambugahapitiya,Thannahena,2023-05-21,12:30,2023-05-23,10:00,"Breaking into a house and stealing property worth 85,000 LKR",Burglary
80.625742,7.325952,Katugastota,Madawala Road,2023-05-25,17:30,2023-05-25,13:30,"Breaking into a house and stealing property worth 22,000 LKR",Burglary
80.62368,7.321494,Katugastota,Near Peoples bank,2023-05-25,17:30,,,"Stealing a motorbike worth 350,000 LKR",Theft
80.628854,7.328358,Kahalla,,2023-05-21,10:45,2023-05-28,9:15,"Breaking into a house and stealing property worth 775,000 LKR",Burglary
80.628027,7.320642,Katugastota,Infront of jmc,2023-05-27,10:00,2023-05-27,10:35,Abduction of a 17yr old boy and doing physical damage,Abduction
80.628854,7.328358,Kahalla,,2023-05-28,17:25,,,"Stealing a handbag with property worth 17,500 LKR by showing a knife",Theft
80.646653,7.325929,Polgolla,Water Board,2023-01-01,,,,"Stealing property worth 84,000 LKR",Theft
80.634771,7.311697,Mahaiyawa,Asiri Laboratory,2023-05-10,10:50,,,"Breaking into an office and stealing property worth 164,000 LKR",Burglary
80.615696,7.353901,Ambatenna,,2023-05-22,12:00,,,Cutting with a knife,Assault
80.634771,7.311697,Mahaiyawa,Indra Traders,2023-06-07,17:45,2023-06-08,8:00,"Breaking into a house and stealing property worth 91,215 LKR",Burglary
80.634771,7.311697,Mahaiyawa,MJR Peiries,2023-06-07,15:45,2023-06-07,16:00,"Hitting and stealing property worth 79,800 LKR",Robbery
80.60994,7.334379,Ranawana,,2023-05-12,11:00,2023-05-12,12:30,"Stealing a handbag worth 110,000 LKR while on the bus",Theft
80.615696,7.353901,Ambatenna,Near Samantha Fuel Station,2023-06-17,16:50,,,"Keeping fake bills worth 50,000 LKR",Fraud
80.600787,7.303278,Halloluwa,Saranatha piriwena,2023-06-17,20:23,,,"Breaking into a house and stealing property worth 934,000 LKR",Burglary
80.600787,7.303278,Halloluwa,,2023-06-10,17:30,,,"Taking spices worth 872,500 LKR by giving a fake check",Fraud
80.646653,7.325929,Polgolla,Doragamuwa Road,2023-07-04,8:00,,,"Breaking into a house and stealing property worth 8,000 LKR",Burglary
80.585494,7.328943,Nugawela,,2023-07-06,3:00,,,"Breaking into a house, stealing property worth 440,500 LKR, and damaging a car",Burglary
80.617118,7.323072,Yatiwawala,Near Ranaraja mahindramaya,2023-07-05,18:45,2023-07-06,9:15,"Breaking into a car and stealing property worth 1,177,000 LKR",Burglary
80.625742,7.325952,Katugastota,Sanasa Bank,2023-01-01,,,,"Breaking trust and misusing 800,000 LKR",Fraud
80.615696,7.353901,Ambatenna,Bogasgoda road,2023-07-12,17:30,,,Cutting with a knife,Assault
80.62368,7.321494,Katugastota,Peoples bank,2023-07-06,15:30,,,"Breaking trust and misusing an ATM card and stealing 900,000 LKR",Fraud
80.62368,7.321494,Katugastota,Inigala,2023-07-16,16:30,2023-07-16,20:30,"Breaking into a house and stealing property worth 1,802,350 LKR",Burglary
80.625742,7.325952,Katugastota,Yamuna Road,2023-07-13,11:15,2023-07-14,5:45,"Breaking into a house and stealing property worth 58,000 LKR",Burglary
80.628854,7.328358,Kahalla,Ihalagammadda,2023-08-20,20:22,,,Abducting and raping 14yr old girl,Rape
80.628027,7.320642,Wattaranthenna,,2023-07-18,8:00,2023-07-18,15:00,Breaking into a house,Burglary
80.628027,7.320642,Katugastota,Weerakoon gardens,2023-07-18,9:30,,,"Breaking into a house and stealing property worth 171,500 LKR",Burglary
80.62368,7.321494,Horana,Sri sowananda mawatha,2023-02-13,,,,"Misusing two checks worth 636,043 LKR by stealing",Fraud
80.638029,7.34366,Udathalawinna,,2023-07-21,12:00,2023-07-21,13:30,"Breaking into a house and stealing property worth 13,200 LKR",Burglary
80.585494,7.328943,Nugawela,Uyanwaththa,2023-07-20,,,,"Stealing a component worth 175,000 LKR from a Wagon R",Theft
80.638029,7.34366,Pallethalawinna,,2023-07-24,11:30,2023-07-24,14:25,"Breaking into a house and stealing property worth 75,000 LKR",Burglary
80.600787,7.303278,Barigama,Halloluwa,2023-07-25,23:00,2023-07-26,5:30,"Breaking into a house and stealing property worth 39,500 LKR",Burglary
80.60994,7.334379,Ranawana,,2023-07-26,11:00,2023-07-26,16:45,"Breaking into a house and stealing property worth 1,120,000 LKR",Burglary
80.60994,7.334379,Ranawana,,2023-07-26,14:15,,,"Breaking into a house and stealing property worth 92,000 LKR",Burglary
80.600787,7.303278,Halloluwa,Pallemulla Arunali Company,2023-07-26,19:30,2023-07-27,7:30,"Breaking into a store and stealing property worth 24,920 LKR",Burglary
80.633779,7.315139,Nittawela,Kuda rathwaththe mawatha,2023-07-25,10:00,2023-07-28,15:00,Breaking into a house and stealing a chocolate,Burglary
80.628854,7.328358,Kahalla,,2023-07-16,,2023-07-30,,"Breaking into a house and stealing property worth 38,000 LKR",Burglary
80.585467,7.345114,Ulladupitiya,,2023-07-30,8:30,2023-07-30,9:30,"Breaking into a house and stealing property worth 55,000 LKR",Burglary
80.636703,7.322436,Mawilmada,Aluthganthota Road,2023-08-01,,2023-08-03,,"Stealing property worth 110,000 LKR by a housemaid",Theft
80.636703,7.322436,Mawilmada,Near Sarana Child Orphanage,2023-07-27,16:30,2023-08-04,9:00,"Stealing 560,000 LKR worth of batteries from industrial equipment",Theft
80.628854,7.328358,Kahalla,,2023-08-02,,,,Abducting a 14-year-old girl,Abduction
80.600787,7.303278,Halloluwa,Ranawiru mawatha,2023-07-29,12:30,,,"Using fake checks worth 563,500 LKR to take gold",Fraud
80.646653,7.325929,Polgolla,Doragamuwa Road,2023-08-14,21:00,2023-08-17,14:00,"Stealing 165,000 LKR worth of vehicle parts",Theft
80.600787,7.303278,Halloluwa,Pallegama,2023-08-23,9:37,,,Cutting with a knife,Assault
80.622308,7.341378,Kalugalawaththa,,2023-07-08,,2023-07-09,4:30,"Breaking into a house and stealing property worth 71,000 LKR",Burglary
80.622308,7.341378,Kalugalawaththa,,2023-08-20,14:50,,,Disturbing police officers,ObstructionOfJustice
80.60994,7.334379,Ranawana,Samagi mawatha,2020-05-20,,2020-10-20,,"Using a fake check worth 950,000 LKR",Fraud
80.619722,7.314906,Ugurassapitiya,,2023-09-03,11:30,2023-09-04,5:30,Breaking into a house,Burglary
80.636703,7.322436,Mawilmada,Bomaluwa Road,2023-09-03,12:00,2023-09-03,16:00,"Breaking into a house and stealing property worth 80,000 LKR",Burglary
80.632454,7.329192,Nawayalathenna,Sahana Farm shop,2023-09-07,20:30,2023-09-08,6:15,"Breaking into a house and stealing property worth 131,960 LKR",Burglary
80.632454,7.329192,Nawayalathenna,,2023-09-07,18:30,2023-09-08,5:30,"Breaking into a house and stealing property worth 17,500 LKR",Burglary
80.633779,7.315139,Katugastota,Nawaloka Construction,2023-09-09,18:45,2023-09-10,8:40,"Breaking into a house and stealing property worth 225,000 LKR",Burglary
80.624283,7.323781,Katugastota,Manikkumbura,2023-09-16,5:37,2023-09-16,6:00,Stabbing and murdering,Murder
80.61142,7.321026,Kondadeniya,,2023-09-18,20:30,2023-09-18,21:10,"Breaking into a house and stealing property worth 93,000 LKR",Burglary
80.625742,7.325952,Katugastota,Madawala Road,2023-09-19,20:30,2023-09-20,5:30,"Breaking into a house and stealing property worth 2,996,000 LKR",Burglary
80.612965,7.304321,Gohagoda,Banwalgolla,2023-09-19,9:30,2023-09-19,18:20,"Breaking into a house and stealing property worth 175,000 LKR",Burglary
80.612965,7.304321,Hamangoda,,2023-09-07,,2023-09-19,23:00,"Breaking into a house and stealing property worth 159,400 LKR",Burglary
80.60994,7.334379,Ranawana,,2023-09-16,5:40,2023-09-18,8:45,"Breaking into a house and stealing property worth 294,125 LKR",Burglary
80.628027,7.320642,Wattaranthenna,,2023-09-17,9:57,,,"Stealing a blue gem worth 1,200,000 LKR by impersonating as policemen",Theft
80.615696,7.353901,Ambatenna,Bokalawela,2023-07-15,,2023-08-26,,"Breaking into a house and stealing property worth 960,000 LKR",Burglary
80.615696,7.353901,Ambatenna,Near Three Wheel Park,2023-09-27,16:15,,,Stabbing with a knife,Assault
80.617118,7.323072,Yatiwawala,,2023-07-01,,2023-08-22,,"Breaking into a house and stealing property worth 720,000 LKR",Burglary
80.640351,7.331616,Jambugahapitiya,Moonamale,2023-09-24,12:00,2023-09-24,13:00,Raping a 13yr old boy and using him for sexual misconduct,Rape
80.628027,7.320642,Wattaranthenna,,2023-06-10,2:50,,,"Stealing a three-wheel and property worth 818,000 LKR by showing a knife",Robbery
80.625742,7.325952,Katugastota,Dharmavijaya College,2023-10-06,14:20,2023-10-07,6:00,"Breaking into a house and stealing property worth 3,000 LKR and a lightning rod",Burglary
80.612965,7.304321,Gohagoda,,2023-10-07,21:00,2023-10-08,6:45,"Stealing a three-wheel worth 700,000 LKR",Theft
80.634771,7.311697,Katugastota,Near Keels,2023-10-11,15:40,,,"Stealing a bike worth 400,000 LKR and property worth 2,511,945 LKR",Theft
80.646653,7.325929,Polgolla,Polgollegama,2023-10-12,6:15,2023-10-12,15:30,"Breaking into a house and stealing property worth 45,500 LKR",Burglary
80.602024,7.324071,Wathuwala,,2023-10-11,,2023-10-14,,"Stealing a water pump worth 100,000 LKR",Theft
80.646653,7.325929,Polgolla,Doragamuwa Road poojitha Hardware,2023-10-13,14:00,2023-10-15,11:00,Breaking into a house and stealing property,Burglary
80.585494,7.328943,Nugawela,,2023-10-17,20:50,,,"Stealing 350,000 LKR by showing a knife",Theft
80.615696,7.353901,Kudugala,Waththegama Road,2023-10-26,17:00,2023-10-27,3:45,"Breaking into a house and stealing property worth 291,250 LKR",Burglary
80.622308,7.341378,Megodagama,Jayantha Shop,2023-10-29,18:00,2023-10-29,18:10,Harsh sexual misconduct on a 9yr old girl,Rape
80.625742,7.325952,Katugastota,Hospital,2023-10-25,18:15,,,"Stealing 70,750 LKR worth of gold and imitation jewelry",Theft
80.585467,7.345114,Rajapihilla,Ranawana,2023-11-06,21:30,2023-11-07,6:00,"Breaking into a house and stealing property worth 56,500 LKR",Burglary
80.602024,7.324071,Wathuwala,,2023-11-09,0:00,2023-11-09,4:00,"Breaking into a house and stealing property worth 615,000 LKR",Burglary
80.615696,7.353901,Ambatenna,Wood Workshop,2023-11-09,15:15,,,"Stealing iron worth 50,000 LKR",Theft
80.632454,7.329192,Nawayalathenna,,2023-11-12,13:45,,,"Ripping out a gold necklace worth 150,000 LKR",Theft
80.612965,7.304321,Hamangoda,,2023-11-13,14:05,,,Keeping heroin 10g 100mg,Drug
80.62368,7.321494,Katugastota,Polwaththa,2023-11-10,10:30,,,"Abduction, imprisonment, punching, kicking, beating with a wood, and cutting hair",Abduction
80.624283,7.323781,Katugastota,,2023-11-16,18:40,2023-11-17,5:35,"Breaking into a house and stealing property worth 62,571 LKR",Burglary
80.633779,7.315139,Nittawela,Kuda rathwaththe mawatha,2023-11-17,21:30,2023-11-18,5:30,"Breaking into a house and stealing property worth 40,000 LKR",Burglary
80.60994,7.334379,Uduwawala,Ahasliyadda,2023-11-27,21:30,2023-11-28,3:00,"Breaking into a house and stealing property worth 459,000 LKR",Burglary
80.625742,7.325952,Katugastota,Sampath Bank,2022-09-04,,2022-10-21,,"Breaking trust and taking 620,000 LKR by promising to give a visa and helping to migrate",Fraud
80.60994,7.334379,Uduwawala,,2023-10-20,20:23,,,Harsh sexual misconduct on a 15yr old girl,Rape
80.628027,7.320642,Katugastota,Kuda rathwaththe mawatha,2023-12-07,1:00,2023-12-07,2:00,"Breaking into a house and stealing property worth 873,860 LKR",Burglary
80.619722,7.314906,Ugurassapitiya,,2023-07-12,11:00,2023-07-12,15:30,"Breaking into a house and stealing property worth 18,000 LKR",Burglary
80.615696,7.353901,Ambatenna,,2023-12-16,11:00,2023-12-16,12:00,"Stealing property worth 60,000 LKR from a handbag of a woman",Theft
80.628854,7.328358,Kahalla,,2023-12-01,,,,Assaulting a 36-year-old married woman by her husband,Assault
80.628854,7.328358,Katugastota,Rivikirana Road,2023-12-21,5:20,2023-12-21,20:30,"Breaking into a house and stealing watches worth 1,000 euros",Burglary
80.600787,7.303278,Halloluwa,,2023-12-23,7:45,,,"Forcefully taking two cylinders worth 37,348 LKR",Robbery
80.625742,7.325952,Katugastota,Makuldeniya hotel,2023-12-23,16:40,,,"Causing damage worth 200,000 LKR to a car by a drunkard",Vandalism
80.600787,7.303278,Uggalla,,2023-12-23,7:30,,,"Entering land forcefully, threatening, and causing 280,000 LKR worth of damage to a motorcycle",Vandalism
80.615696,7.353901,Ambatenna,Bogasgoda ,2023-12-25,19:00,,,"Beating up and stealing 5,000 LKR",Assault
